Date,Symbol,Prev Close,Open,High,Low,vwap,Open Interest,Expiry,Volume,Trades,Deliverable Volume,DeiiveryToTrade,%Deliverble,Z-ScoreDelVolume,DeliveryStatus,Trades_Diff,MWPL,MWPL_Diff,Close,Close_Diff,Close_Future,FuturePremium,Change in OI,OI_CUMI,OI_Rank,Position,BuyingPressure,SellingPressure,fluctuates,Change,Return,Volatility,Expected Change,Magnitude,Abs Magnitude,EWMA20BUYPRE,EWMA50BUYPRE,EWMA20SELLPRE,EWMA50SELLPRE,EWMA20_DEL,EWMA50_DEL,EWMA20_VOL,EWMA50_VOL,EWMA20_OI,EWMA50_OI,DEL2TRADE20,DEL2TRADE50
2022-01-04,MINDTREE,4842.05,4869.55,4870.0,4737.05,4772.73,2467400,2022-01-27,574468.0,44836.0,171368.0,,29.830000000000002,-0.27,,,67.78,-1.71,4777.7,-49.44999999999982,4801.45,23.75,44000,44000,,ShortBuildUp,40.65,92.3,2.75,,,,,,,40.65,40.65,92.3,92.3,171368.0,171368.0,574468.0,574468.0,2467400.0,2467400.0,12.81,12.81
2022-01-05,MINDTREE,4777.7,4760.0,4790.0,4640.15,4693.87,2460400,2022-01-27,637999.0,46888.0,206861.0,20.71,32.42,-0.05,154.0,143.0,66.66,-1.12,4688.25,-105.4499999999998,4696.0,7.75,-7000,37000,91.0,LongUnwinding,48.1,181.75,3.14,-89.44999999999982,-0.01889988065717496,,,,,44.56,44.45,139.26,137.92,190001.82,189469.43,607821.78,606868.81,2463725.0,2463830.0,13.23,13.22
2022-01-06,MINDTREE,4688.25,4620.0,4636.75,4571.3,4600.47,2481400,2022-01-27,652846.0,58181.0,276421.0,33.63,42.34000000000001,0.38,164.0,170.0,65.68,-0.98,4611.6,-76.64999999999964,4619.35,7.75,21000,58000,13.0,ShortBuildUp,40.3,178.4,1.4,-76.64999999999964,-0.016484510121232532,,,,,43.0,43.01,153.63,151.96,221734.43,219620.21,624354.4,622811.57,2470215.15,2469922.46,12.49,12.53
2022-01-07,MINDTREE,4611.6,4650.0,4662.55,4592.0,4628.48,2518000,2022-01-27,427054.0,31490.0,125459.0,-54.61,29.38,-0.56,18.0,16.0,64.52,-1.16,4601.05,1.5999999999994543,4620.95,19.899999999999636,36600,94600,181.0,LongBuildUp,29.75,61.5,1.53,-10.550000000000182,-0.002290330059596002,,,,,39.17,39.49,127.04,127.97,193941.2,194649.04,567396.83,570897.46,2484009.9,2482672.43,12.8,12.8
2022-01-10,MINDTREE,4601.05,4660.0,4669.95,4530.0,4567.05,2634800,2022-01-27,548383.0,47890.0,231689.0,84.67,42.25,0.1,189.0,194.0,61.7,-2.82,4556.25,-44.44999999999982,4576.5,20.25,116800,211400,199.0,ShortBuildUp,26.25,113.7,3.04,-44.80000000000018,-0.009784621542234362,,,,,36.05,36.63,123.81,124.88,203072.07,202661.28,562797.54,566027.28,2520484.74,2515579.66,12.47,12.51
2022-01-11,MINDTREE,4556.25,4579.7,4619.25,4539.0,4588.77,2694000,2022-01-27,463903.0,39208.0,172380.0,-25.6,41.86,-0.27,66.0,62.0,60.24,-1.46,4583.55,25.550000000000185,4602.05,18.5,59200,270600,133.0,LongBuildUp,53.55,86.4,1.76,27.300000000000182,0.005973890279591387,,,,,39.74,39.74,115.92,117.81,196597.45,197096.54,541935.31,547260.07,2557088.54,2548367.68,12.34,12.38
2022-01-12,MINDTREE,4583.55,4625.0,4647.95,4567.0,4606.49,2692000,2022-01-27,358478.0,38347.0,124967.0,-27.5,34.86,-0.56,62.0,106.0,59.77,-0.47,4635.95,50.94999999999982,4653.0,17.050000000000182,-2000,268600,100.0,ShortCovering,96.95,12.0,1.77,52.399999999999636,0.011367333205301478,,,,,50.56,48.92,96.27,100.82,183053.9,185515.48,507248.07,516949.38,2582596.95,2571429.16,11.77,11.9
2022-01-13,MINDTREE,4635.95,4650.0,4760.0,4581.0,4689.1,2732200,2022-01-27,1105341.0,77352.0,210583.0,68.51,19.05,-0.03,179.0,212.0,50.03,-9.74,4744.1,112.6999999999998,4765.7,21.599999999999454,40200,308800,2.0,LongBuildUp,177.1,15.9,3.86,108.15000000000055,0.023060600471545456,,,,,72.43,67.28,82.38,88.66,187812.45,189104.76,610631.44,601198.02,2608456.59,2594449.08,12.21,12.24
2022-01-14,MINDTREE,4744.1,4630.0,4675.0,4477.35,4535.38,2913200,2022-01-27,2519236.0,191391.0,520042.0,146.95,20.64,1.91,208.0,218.0,39.32,-10.71,4547.95,-201.6499999999996,4564.05,16.100000000000364,181000,489800,208.0,ShortBuildUp,70.6,212.05,4.17,-196.15000000000055,-0.04222515874686117,,,,,72.14,67.71,103.18,104.67,241103.69,232027.28,916780.95,849967.3,2657338.93,2635791.03,12.36,12.36
2022-01-17,MINDTREE,4547.95,4550.0,4564.05,4485.0,4522.31,2887400,2022-01-27,808196.0,57093.0,259180.0,-50.16,32.07,0.28,25.0,3.0,37.42,-1.9,4511.9,-33.100000000000364,4530.95,19.050000000000182,-25800,464000,93.0,LongUnwinding,34.55,163.1,1.74,-36.05000000000018,-0.007958231154823636,,,,,66.48,63.76,112.2,111.62,243825.83,235256.77,900428.99,844999.11,2691984.13,2665716.87,12.63,12.57
2022-01-18,MINDTREE,4511.9,4510.0,4536.3,4311.05,4419.7,2804000,2022-01-27,855491.0,82152.0,319339.0,23.21,37.330000000000005,0.65,158.0,186.0,36.18,-1.24,4343.7,-191.44999999999985,4339.5,-4.199999999999818,-83400,380600,200.0,LongUnwinding,32.65,220.35,4.99,-168.19999999999982,-0.03799183135623707,,,,,61.65,60.34,127.63,123.59,254601.01,244518.93,894016.66,846154.85,2707967.99,2680949.58,12.32,12.33
2022-01-19,MINDTREE,4343.7,4348.95,4348.95,4201.5,4257.8,2411600,2022-01-27,982665.0,70787.0,301772.0,-5.5,30.710000000000004,0.54,102.0,74.0,35.73,-0.45,4226.2,-102.0,4237.5,11.300000000000182,-392400,-11800,210.0,LongUnwinding,24.7,310.1,3.39,-117.5,-0.02742327532265776,,,,,56.62,56.67,152.49,142.78,261027.03,250407.93,906093.06,860196.17,2667594.33,2653244.52,12.53,12.49
2022-01-20,MINDTREE,4226.2,4130.05,4331.6,4130.05,4254.26,2303600,2022-01-27,1093358.0,90193.0,271635.0,-9.99,24.84,0.35,95.0,175.0,37.66,1.93,4251.05,28.0,4265.5,14.449999999999818,-108000,-119800,120.0,ShortCovering,121.0,97.9,4.77,24.850000000000364,0.005862767095159427,,,,,65.04,62.89,145.35,138.44,262415.23,252460.69,930599.31,882743.97,2619960.56,2619432.31,12.48,12.46
2022-01-21,MINDTREE,4251.05,4242.05,4270.0,4080.0,4181.51,2014400,2022-01-27,745340.0,57238.0,240938.0,-11.3,32.33,0.16,93.0,26.0,40.24,2.58,4118.85,-153.0,4112.5,-6.350000000000364,-289200,-409000,193.0,LongUnwinding,38.85,212.75,4.47,-132.19999999999982,-0.03159201306097792,,,,,61.73,60.69,153.86,145.23,259701.32,251406.97,907189.52,870178.75,2543440.56,2564103.72,12.54,12.51
2022-01-24,MINDTREE,4118.85,4118.85,4118.85,3838.65,3933.93,1182800,2022-01-27,1043403.0,87103.0,354353.0,47.07,30.570000000000004,0.87,170.0,195.0,44.52,4.28,3888.95,-219.65000000000006,3892.85,3.900000000000091,-831600,-1240600,196.0,LongUnwinding,50.3,381.05,6.8,-229.90000000000055,-0.057434799869431785,,,,,60.33,59.79,181.71,165.73,271300.7,260353.8,923882.22,885233.32,2376696.71,2444057.4,12.48,12.46
2022-01-25,MINDTREE,3888.95,3710.0,3924.65,3680.0,3803.07,702000,2022-01-27,1272983.0,95047.0,364703.0,2.92,28.65,0.94,141.0,150.0,47.43,2.91,3827.2,-62.0999999999999,3830.75,3.550000000000182,-480800,-1721400,134.0,LongUnwinding,147.2,291.65,6.29,-61.75,-0.016005732981318133,,,,,70.69,67.04,194.82,176.17,282442.68,269009.75,965526.54,917397.86,2176921.74,2299550.57,12.58,12.54
2022-01-27,MINDTREE,3827.2,3790.0,3790.0,3555.0,3622.85,200400,2022-01-27,1469949.0,109876.0,444120.0,21.78,30.210000000000004,1.43,156.0,166.0,63.81,16.38,3585.2,-250.34999999999994,3580.4,-4.799999999999727,-501600,-2223000,160.0,LongUnwinding,30.2,339.45,6.14,-242.0,-0.06531920483305242,,,,,65.98,64.11,211.67,189.15,301276.22,282926.79,1024285.92,961312.33,1946679.8,2132718.79,12.68,12.61
2022-01-28,MINDTREE,3585.2,3646.4,3858.45,3636.55,3763.85,2572400,2022-02-24,1446671.0,100273.0,335869.0,-24.37,23.22,0.76,69.0,90.0,63.61,-0.2,3724.2,157.79999999999973,3738.2,14.0,-79200,-79200,115.0,ShortCovering,169.2,134.25,6.19,139.0,0.03803780316445504,,,,,77.75,72.14,202.84,184.96,305222.03,286971.57,1072465.08,998393.72,2018052.28,2166310.43,12.88,12.75
2022-01-31,MINDTREE,3724.2,3843.95,4070.0,3835.0,3965.74,2609800,2022-02-24,1688744.0,112927.0,342163.0,1.87,20.260000000000005,0.8,138.0,157.0,62.26,-1.35,4006.3,274.4000000000001,4012.6,6.299999999999727,37400,-41800,78.0,LongBuildUp,369.75,63.7,6.31,282.10000000000036,0.0730160584426578,,,,,110.44,94.06,187.26,176.02,309357.82,291037.03,1141461.69,1049245.58,2084302.45,2198978.29,13.11,12.91
2022-02-01,MINDTREE,4006.3,4113.9,4117.8,3926.35,3994.71,2710800,2022-02-24,1193072.0,94720.0,309560.0,-9.53,25.95,0.59,96.0,65.0,59.51,-2.75,3983.7,-12.549999999999725,4000.05,16.350000000000364,101000,59200,194.0,ShortBuildUp,148.7,134.1,4.78,-22.600000000000364,-0.005657086425927105,,,,,114.65,97.95,181.41,173.04,309380.09,292356.01,1147144.8,1059487.19,2153289.73,2235424.17,13.05,12.89
2022-02-02,MINDTREE,3983.7,4019.65,4079.35,3973.95,4040.16,2679000,2022-02-24,602678.0,46512.0,181502.0,-41.37,30.12,-0.21,39.0,12.0,60.12,0.61,4066.1,-497.59999999999945,4071.3,5.200000000000273,-31800,27400,85.0,LongUnwinding,139.75,51.7,2.65,82.40000000000009,0.020473273417238147,,,,,117.38,100.84,167.33,164.67,295505.12,284707.01,1088069.31,1027967.06,2210330.1,2266031.2,13.04,12.89
2022-02-03,MINDTREE,4066.1,4027.0,4044.0,3895.4,3961.88,2750000,2022-02-24,608593.0,52035.0,158866.0,-12.47,26.1,-0.35,90.0,154.0,57.25,-2.87,3913.1,-85.20000000000027,3914.85,1.75,71000,98400,20.0,ShortBuildUp,17.7,166.25,3.65,-153.0,-0.03835441035825404,0.03250002400178774,,,,106.7,95.27,167.22,164.77,280873.63,276275.05,1036726.38,999866.93,2268118.64,2298459.49,12.9,12.81
2022-02-04,MINDTREE,3913.1,3903.1,3988.0,3828.45,3939.56,2694800,2022-02-24,606538.0,44580.0,74341.0,-53.21,12.26,-0.88,22.0,71.0,57.69,0.44,3965.85,56.70000000000028,3971.55,5.700000000000273,-55200,43200,60.0,ShortCovering,137.4,78.15,4.08,52.75,0.013390309158513247,0.03279587414063861,127.1758439213956,0.4147800271929277,0.4147800271929277,109.95,98.01,157.79,159.12,259016.7,263110.31,991200.43,974224.54,2313273.45,2324298.22,12.97,12.86
2022-02-07,MINDTREE,3965.85,3965.0,4025.0,3850.85,3914.02,2712200,2022-02-24,452237.0,40065.0,95549.0,28.53,21.13,-0.75,161.0,84.0,56.88,-0.81,3870.05,-89.65000000000009,3881.9,11.849999999999909,17400,60600,84.0,ShortBuildUp,41.6,154.95,4.39,-95.79999999999973,-0.024452781044882244,0.032945084841896684,130.0635174606516,-0.7365631952017775,0.7365631952017775,102.79,94.43,157.49,158.86,241898.53,252463.03,934760.73,941056.11,2355048.63,2348946.49,12.8,12.76
2022-02-08,MINDTREE,3870.05,3910.0,3956.4,3821.2,3889.97,2725800,2022-02-24,528879.0,40578.0,84398.0,-11.67,15.960000000000003,-0.82,92.0,140.0,56.96,0.08,3884.5,18.15000000000009,3900.05,15.550000000000182,13600,74200,145.0,LongBuildUp,63.3,140.5,3.49,14.449999999999818,0.003726848553467832,0.03302647004382727,127.49912559238227,0.11333411058987816,0.11333411058987816,98.7,92.5,155.73,157.72,225560.14,242037.37,892656.4,915487.33,2393508.7,2372324.03,12.82,12.78
2022-02-09,MINDTREE,3884.5,3930.0,4021.95,3922.05,3988.82,2718200,2022-02-24,605069.0,48169.0,194176.0,130.07,32.09,-0.13,202.0,167.0,56.38,-0.58,3993.3,110.75,4010.8,17.5,-7600,66600,71.0,ShortCovering,172.1,28.65,2.57,108.80000000000018,0.027623681330608107,0.03392548885875726,128.29132288524704,0.8480698269618648,0.8480698269618648,106.25,97.33,142.66,149.89,222331.92,239134.6,863074.75,896660.58,2426906.91,2393301.27,12.79,12.77
2022-02-10,MINDTREE,3993.3,4024.0,4041.65,3965.05,4010.16,2691200,2022-02-24,377038.0,37112.0,108177.0,-44.29,28.690000000000005,-0.67,34.0,49.0,57.03,0.65,4029.55,34.69999999999982,4045.5,15.949999999999818,-27000,39600,202.0,ShortCovering,107.5,12.1,1.92,36.25,0.009036750453903508,0.03398733201922458,135.4746546596754,0.2675777258193666,0.2675777258193666,106.38,97.93,129.33,141.71,210678.62,231358.74,813458.56,865806.99,2453886.79,2410989.58,12.53,12.61
2022-02-11,MINDTREE,4029.55,3930.0,3980.0,3831.0,3875.87,2731400,2022-02-24,860200.0,68270.0,350639.0,224.13,40.760000000000005,0.85,216.0,204.0,54.37,-2.66,3869.65,-173.09999999999994,3872.4,2.75,40200,79800,30.0,ShortBuildUp,38.65,172.0,3.7,-159.9000000000001,-0.040490643517522074,0.03453170452363762,136.95365373806644,-1.1675482591053772,1.1675482591053772,99.51,94.48,133.66,143.47,224869.09,238301.27,818197.64,865480.65,2482023.63,2429638.57,12.53,12.61
2022-02-14,MINDTREE,3869.65,3701.5,3835.95,3655.8,3783.31,2688800,2022-02-24,662936.0,58413.0,160809.0,-54.14,24.26,-0.34,21.0,70.0,55.26,0.89,3776.45,-97.95000000000029,3774.45,-2.0,-42600,37200,42.0,LongUnwinding,120.65,203.55,4.66,-93.20000000000027,-0.024379648763884987,0.03390269712924813,133.62561040989434,-0.69747108891859,0.69747108891859,101.64,95.97,140.7,146.91,218413.8,233874.99,802552.02,853911.52,2502860.35,2444441.59,12.41,12.54
2022-02-15,MINDTREE,3776.45,3830.0,3980.0,3782.9,3879.51,2656600,2022-02-24,718004.0,54003.0,142951.0,-11.11,19.91,-0.45,94.0,93.0,57.4,2.14,3967.95,-741.8999999999997,3977.55,9.600000000000364,-32200,5000,143.0,LongUnwinding,312.15,12.05,5.22,191.5,0.04946517362534131,0.035527012629832995,128.0318405737491,1.4957216825270263,1.4957216825270263,122.74,108.11,127.81,139.34,210851.29,228772.86,794079.04,846285.17,2518267.37,2456346.7,12.5,12.58
2022-02-16,MINDTREE,3967.95,4030.0,4036.95,3861.65,3934.58,2630800,2022-02-24,535405.0,47089.0,86062.0,-39.8,16.07,-0.81,42.0,75.0,56.49,-0.91,3892.2,-87.85000000000036,3889.7,-2.5,-25800,-20800,146.0,LongUnwinding,109.3,144.75,4.42,-75.75,-0.019275038071855377,0.0356359564179019,140.96940976454582,-0.5373506218584688,0.5373506218584688,121.4,108.17,129.5,139.64,198407.46,220897.82,768284.39,829130.24,2529488.99,2465973.35,12.39,12.51
2022-02-17,MINDTREE,3892.2,3935.5,3935.5,3841.25,3871.23,2593000,2022-02-24,381563.0,38043.0,72121.0,-16.2,18.9,-0.89,84.0,60.0,55.88,-0.61,3859.45,-33.75,3855.95,-3.5,-37800,-58600,175.0,LongUnwinding,18.2,177.5,2.42,-32.75,-0.008449864187063838,0.03492890674041285,138.70226956975776,-0.23611726110601952,0.23611726110601952,111.15,103.28,134.26,141.69,185870.51,212817.07,729893.04,804820.81,2535793.97,2472872.75,12.15,12.38
2022-02-18,MINDTREE,3859.45,3811.05,3879.7,3786.0,3837.0,2214200,2022-02-24,378265.0,28802.0,76912.0,6.64,20.330000000000002,-0.86,144.0,46.0,56.88,1.0,3797.0,-58.0,3797.95,0.9499999999998181,-378800,-437400,216.0,LongUnwinding,11.0,138.5,2.43,-62.44999999999982,-0.016313405028199668,0.034665437708685555,134.8063691192864,-0.4632570434764811,0.4632570434764811,101.25,98.35,134.68,141.52,175097.25,205545.24,695125.86,781997.22,2503996.41,2459032.02,12.25,12.42
2022-02-21,MINDTREE,3797.0,3796.0,3871.75,3715.0,3804.25,1638200,2022-02-24,562328.0,44118.0,77225.0,0.41,13.73,-0.86,135.0,196.0,58.31,1.43,3847.95,50.70000000000028,3848.65,0.7000000000002728,-576000,-1013400,177.0,ShortCovering,132.95,31.75,4.13,50.94999999999982,0.01332925770638127,0.034821434708497974,131.62466697987907,0.38708549977025464,0.38708549977025464,104.37,100.17,124.54,135.73,165455.21,198775.98,682043.06,770409.05,2418701.09,2415730.83,12.3,12.44
2022-02-22,MINDTREE,3847.95,3710.0,3843.0,3705.0,3787.22,962800,2022-02-24,627281.0,63402.0,193074.0,150.01,30.78,-0.14,209.0,185.0,59.31,1.0,3821.35,-21.5,3827.15,5.800000000000182,-675400,-1688800,165.0,LongUnwinding,116.35,50.4,3.59,-26.59999999999991,-0.006936775628382463,0.03428242663402275,133.99113968656476,-0.1985205892137589,0.1985205892137589,105.55,101.01,117.26,131.29,168167.23,198479.2,676665.72,762959.49,2275739.36,2340108.36,12.06,12.3
2022-02-23,MINDTREE,3821.35,3861.0,3894.0,3780.75,3824.1,441600,2022-02-24,517241.0,40635.0,177335.0,-8.15,34.28,-0.24,98.0,27.0,60.38,1.07,3801.8,-17.15000000000009,3810.0,8.199999999999818,-521200,-2210000,144.0,LongUnwinding,96.8,92.2,2.96,-19.549999999999727,-0.005129124537747387,0.03199721137675928,131.00515101792283,-0.14923077335581322,0.14923077335581322,104.69,100.8,114.81,129.28,169064.8,197392.63,661057.21,750332.32,2096167.57,2242546.34,12.13,12.33
2022-02-24,MINDTREE,3801.8,3685.0,3705.65,3542.1,3619.72,2704400,2022-03-31,1036474.0,80156.0,336687.0,89.86,32.48,0.76,190.0,208.0,69.62,9.24,3565.9,-196.6499999999996,3577.8,11.900000000000091,291200,291200,72.0,ShortBuildUp,23.8,328.1,4.3,-235.9000000000001,-0.06405816236695827,0.03472032453491138,121.64699821216344,-1.939217600656031,1.939217600656031,96.79,96.89,135.63,139.38,185432.23,204464.71,697714.7,764859.94,2155558.29,2265994.99,12.21,12.36
2022-02-25,MINDTREE,3565.9,3658.0,3795.0,3603.0,3726.3,2829800,2022-03-31,805773.0,52457.0,220937.0,-34.38,27.42,0.04,53.0,31.0,68.02,-1.6,3783.9,211.8999999999996,3789.7,5.799999999999727,125400,416600,128.0,LongBuildUp,241.8,11.1,5.38,218.0,0.05933874735616129,0.03425207379243504,123.80920525904051,1.7607737610776861,1.7607737610776861,110.92,104.16,123.5,132.94,188890.76,205291.47,708240.7,766913.4,2221236.41,2294292.81,12.51,12.51
2022-02-28,MINDTREE,3783.9,3743.9,3895.0,3678.5,3810.0,2863800,2022-03-31,665332.0,46417.0,177065.0,-19.86,26.61,-0.24,77.0,80.0,66.83,-1.19,3881.2,89.3000000000002,3879.0,-2.199999999999818,34000,450600,119.0,LongBuildUp,278.2,13.8,5.72,97.29999999999973,0.025389160389888588,0.033703995860023955,129.60642202319497,0.7507344040605215,0.7507344040605215,127.18,112.8,112.84,127.02,187741.31,203890.14,704070.0,761870.3,2283693.07,2322566.51,12.69,12.6
2022-03-02,MINDTREE,3881.2,3870.0,3934.9,3836.1,3898.21,2846600,2022-03-31,560643.0,40755.0,138509.0,-21.78,24.709999999999997,-0.48,71.0,76.0,66.25,-0.58,3911.85,31.699999999999815,3910.7,-1.150000000000091,-17200,433400,75.0,ShortCovering,233.35,23.05,2.55,30.65000000000009,0.00786602371014844,0.029583614634127266,130.81194873192496,0.23430581301721629,0.23430581301721629,137.48,118.72,104.13,121.91,182965.33,200677.74,690156.3,751983.31,2338300.09,2348314.08,12.79,12.66
2022-03-03,MINDTREE,3911.85,3950.0,4020.0,3938.65,3981.7,2739200,2022-03-31,626544.0,55106.0,200192.0,44.53,31.95,-0.09,168.0,178.0,66.46,0.21,3955.3,55.30000000000018,3966.0,10.699999999999818,-107400,326000,213.0,ShortCovering,119.2,64.7,2.08,43.45000000000027,0.011046043813930595,0.029680367532383473,115.72666290651074,0.3754536673635976,0.3754536673635976,135.71,118.75,100.31,119.13,184633.52,200654.1,683996.25,745880.57,2377122.22,2367331.04,12.66,12.59
2022-03-04,MINDTREE,3955.3,3900.0,3963.6,3810.0,3882.59,2727000,2022-03-31,654585.0,51782.0,137417.0,-31.36,20.990000000000002,-0.49,58.0,96.0,66.4,-0.06,3884.6,-70.09999999999991,3895.9,11.300000000000182,-12200,313800,111.0,LongUnwinding,74.6,135.4,3.88,-70.70000000000027,-0.018036433277192288,0.029519301584216628,117.39475770083635,-0.602241542847842,0.602241542847842,129.8,116.62,103.7,119.91,180068.49,197606.32,681152.68,741480.47,2410949.4,2384665.72,12.66,12.6
2022-03-07,MINDTREE,3884.6,3800.45,3889.9,3770.0,3836.83,2727800,2022-03-31,510090.0,46535.0,151090.0,9.95,29.62,-0.4,146.0,83.0,66.45,0.05,3858.85,-25.25,3870.65,11.800000000000182,800,314600,99.0,ShortBuildUp,88.85,104.75,3.09,-25.75,-0.006650806789497921,0.028364565317140968,114.67067893404791,-0.22455609611250268,0.22455609611250268,125.85,115.29,103.8,119.19,177270.81,195384.36,664637.72,730427.59,2441539.22,2401056.29,12.49,12.52
2022-03-08,MINDTREE,3858.85,3874.85,4016.0,3874.75,3968.54,2682800,2022-03-31,832829.0,64504.0,178134.0,17.9,21.39,-0.23,150.0,180.0,66.12,-0.33,3996.75,140.3499999999999,4011.0,14.25,-45000,269600,1.0,ShortCovering,226.75,19.25,3.66,137.9000000000001,0.03511231923646818,0.029283919138821505,109.45460287404941,1.2598830599996156,1.2598830599996156,135.57,120.57,95.65,114.46,177354.04,194567.35,680854.3,735277.55,2464800.98,2414400.29,12.53,12.54
2022-03-09,MINDTREE,3996.75,4011.0,4151.6,4000.85,4098.39,2637600,2022-03-31,916944.0,49100.0,340402.0,91.09,37.12,0.78,191.0,48.0,66.13,0.01,4133.8,127.1999999999998,4138.2,4.399999999999636,-45200,224400,159.0,ShortCovering,259.05,17.8,3.77,137.05000000000018,0.03371554993273307,0.0295682600601992,117.04050381808484,1.1709621501033176,1.1709621501033176,147.47,127.08,88.15,109.92,193056.2,201418.58,703590.67,743812.14,2481442.2,2424886.09,13.12,12.82
2022-03-10,MINDTREE,4133.8,4200.0,4220.0,4078.0,4123.8,2622400,2022-03-31,683436.0,49955.0,207430.0,-39.06,30.350000000000005,-0.05,43.0,141.0,65.6,-0.53,4088.6,-39.14999999999964,4099.05,10.450000000000273,-15200,209200,124.0,LongUnwinding,87.75,131.4,3.44,-45.20000000000027,-0.010994467626828097,0.029727718104358758,122.22927343685146,-0.36979684758866216,0.36979684758866216,141.72,125.24,92.32,110.92,194438.98,201698.82,701651.76,740997.56,2495002.54,2434093.71,13.18,12.86
2022-03-11,MINDTREE,4088.6,4058.8,4100.0,3995.1,4046.88,2638400,2022-03-31,626688.0,42513.0,212033.0,2.22,33.83,-0.02,139.0,68.0,65.51,-0.09,4088.0,5.449999999999819,4104.5,16.5,16000,225200,43.0,LongBuildUp,92.9,132.0,2.57,-0.599999999999909,-0.00014676026736637482,0.02916368509788204,121.54474824148122,-0.00493645351757896,0.00493645351757896,137.03,123.75,96.13,111.89,196129.92,202177.04,694447.08,735707.88,2508784.3,2443547.99,13.33,12.95
2022-03-14,MINDTREE,4088.0,4061.0,4153.0,4061.0,4123.95,2600200,2022-03-31,509679.0,38566.0,146023.0,-31.13,28.65,-0.43,59.0,88.0,65.72,0.21,4125.05,30.199999999999815,4134.7,9.649999999999636,-38200,187000,18.0,ShortCovering,129.95,27.95,2.25,37.05000000000018,0.009022288023901481,0.029163488873061853,119.22114468014178,0.31076702123102046,0.31076702123102046,136.35,124.03,89.58,108.04,191318.39,199596.72,676704.69,725321.71,2517562.51,2450746.25,13.32,12.96
2022-03-15,MINDTREE,4125.05,4160.0,4160.0,3862.0,3981.18,2696200,2022-03-31,813173.0,75571.0,310091.0,112.36,38.129999999999995,0.59,196.0,207.0,62.96,-2.76,3884.15,-238.29999999999973,3896.4,12.25,96000,283000,17.0,ShortBuildUp,22.15,275.85,7.22,-240.9000000000001,-0.060173971262555526,0.030835901715123844,120.3008497758238,-2.0024796204591104,2.0024796204591104,125.39,119.38,107.45,115.7,202714.58,204640.04,689798.78,729331.52,2534702.72,2461949.55,13.07,12.86
2022-03-16,MINDTREE,3884.15,3960.1,3962.35,3880.1,3927.56,2708000,2022-03-31,845286.0,64818.0,354913.0,14.45,41.99000000000001,0.88,148.0,72.0,63.17,0.21,3948.75,71.65000000000009,3968.05,19.300000000000182,11800,294800,113.0,LongBuildUp,86.75,211.25,2.12,64.59999999999991,0.016494903471407696,0.030496436836767855,119.77126764679828,0.5393614117077168,0.5393614117077168,121.69,117.9,117.41,120.03,217307.59,211455.18,704707.12,734590.26,2551318.71,2473108.37,13.07,12.87
2022-03-17,MINDTREE,3948.75,4020.0,4079.0,3970.35,4026.09,2674800,2022-03-31,681280.0,50776.0,257518.0,-27.44,37.8,0.27,63.0,55.0,63.85,0.68,3986.85,32.89999999999964,4000.95,14.099999999999909,-33200,261600,16.0,ShortCovering,106.75,92.15,2.75,38.09999999999991,0.009602372284939875,0.028583005684399313,120.42280495918706,0.3163852562055212,0.3163852562055212,120.26,117.4,114.99,118.77,221160.54,213531.47,702462.34,732187.29,2563150.67,2482199.65,13.1,12.9
2022-03-21,MINDTREE,3986.85,4036.9,4044.95,3940.65,3991.7,2708600,2022-03-31,593894.0,36339.0,205521.0,-20.19,34.61,-0.06,76.0,42.0,62.75,-1.1,3975.95,-11.149999999999638,3989.8,13.850000000000364,33800,295400,45.0,ShortBuildUp,35.3,103.05,2.62,-10.900000000000091,-0.002737732156557371,0.028244667905158803,113.9561562128474,-0.0956508218796101,0.0956508218796101,112.12,113.72,113.84,118.07,219662.84,213172.5,692065.39,725990.01,2577079.49,2492345.23,13.41,13.05
2022-03-22,MINDTREE,3975.95,3956.0,4045.0,3956.0,4011.48,2689000,2022-03-31,422680.0,32007.0,89002.0,-56.69,21.060000000000002,-0.79,15.0,78.0,62.89,0.14,4034.4,60.0999999999999,4049.9,15.5,-19600,275800,69.0,ShortCovering,93.75,10.6,2.24,58.45000000000027,0.014593878517839443,0.028306181222421224,112.29938735751614,0.5204836943047512,0.5204836943047512,110.36,112.83,103.96,113.28,207156.8,207639.07,666281.5,712473.56,2587791.82,2501108.79,13.39,13.06
2022-03-23,MINDTREE,4034.4,4052.0,4128.95,4045.0,4098.09,2611000,2022-03-31,681813.0,59290.0,214216.0,140.69,31.42,-0.01,205.0,205.0,63.24,0.35,4102.6,58.9000000000001,4108.8,6.199999999999818,-78000,197800,206.0,ShortCovering,146.6,26.35,2.08,68.20000000000027,0.016763327285520546,0.02814953402597589,114.19845752373618,0.5972059647637963,0.5972059647637963,113.83,114.33,96.54,109.43,207832.14,207930.6,667767.37,711114.5,2590012.11,2505979.84,13.21,12.99
2022-03-24,MINDTREE,4102.6,4075.0,4288.0,4075.0,4194.97,2536400,2022-03-31,1077491.0,84211.0,376162.0,75.6,34.910000000000004,1.01,182.0,184.0,60.87,-2.37,4277.5,184.25,4293.05,15.550000000000182,-74600,123200,157.0,ShortCovering,232.5,10.5,5.19,174.89999999999964,0.04174780771831266,0.029296046192731323,115.48627829496868,1.5144656368030123,1.5144656368030123,125.18,119.54,88.31,105.06,223929.04,215349.73,706948.06,727271.98,2584885.34,2507321.4,13.17,12.98
2022-03-25,MINDTREE,4277.5,4305.0,4323.0,4247.0,4287.85,2248200,2022-03-31,711241.0,55247.0,172216.0,-54.22,24.21,-0.27,20.0,32.0,61.16,0.29,4281.35,-10.850000000000362,4282.2,0.8499999999994543,-288200,-165000,205.0,LongUnwinding,206.35,41.65,1.78,3.850000000000364,0.0008996536356331575,0.0291855703319674,125.31383758940824,0.03072286408317427,0.03072286408317427,132.94,123.35,83.85,102.28,218985.79,213456.75,707358.42,726568.44,2552701.61,2495949.5,13.14,12.97
2022-03-28,MINDTREE,4281.35,4270.0,4313.9,4177.1,4235.45,2006400,2022-03-31,399268.0,34073.0,89092.0,-48.27,22.31,-0.79,27.0,24.0,62.08,0.92,4232.75,429.85000000000036,4239.85,7.100000000000364,-241800,-406800,150.0,ShortCovering,55.65,90.25,3.2,-48.600000000000364,-0.011416480393641848,0.02933100568666062,124.95364154076863,-0.3889442468480892,0.3889442468480892,125.55,120.39,84.46,101.75,206573.62,208024.2,677918.44,712271.19,2500499.05,2474564.83,13.01,12.92
2022-03-29,MINDTREE,4232.75,4252.6,4285.0,4219.15,4254.42,1093600,2022-03-31,440523.0,34363.0,142466.0,59.91,32.34,-0.45,177.0,137.0,63.11,1.03,4250.95,23.199999999999815,4263.05,12.100000000000364,-912800,-1319600,204.0,ShortCovering,73.85,62.95,1.56,18.199999999999818,0.0042905873429095465,0.024697876402251268,124.15081432021275,0.14659589709220872,0.14659589709220872,120.61,118.37,82.41,100.07,200449.68,205173.2,655241.03,700453.37,2366103.74,2414509.3,12.99,12.92
2022-03-30,MINDTREE,4250.95,4291.55,4478.75,4255.25,4371.23,518200,2022-03-31,1358688.0,67964.0,732627.0,414.25,53.92,3.24,223.0,209.0,66.69,3.58,4407.8,144.69999999999982,4407.75,-0.0500000000001819,-575400,-1895000,138.0,ShortCovering,188.65,70.95,5.26,156.85000000000036,0.03623321140134017,0.02275162448978778,104.98943769215002,1.4939598063180017,1.4939598063180017,127.11,121.41,81.31,98.81,251271.78,228013.58,722419.1,728956.97,2189631.84,2332393.25,13.66,13.22
2022-03-31,MINDTREE,4407.8,4425.0,4457.75,4292.25,4364.57,138600,2022-03-31,547471.0,48589.0,164720.0,-77.52,30.09,-0.32,2.0,41.0,73.21,6.52,4302.9,-186.0,4307.6,4.700000000000728,-379600,-2274600,140.0,LongUnwinding,47.65,175.85,3.75,-104.90000000000055,-0.024086484784312745,0.023335441241860506,100.28461042608659,-1.046022909739632,1.046022909739632,119.52,118.23,90.34,102.13,243008.37,225283.93,705716.18,721130.05,1993812.52,2237781.95,13.43,13.14
2022-04-01,MINDTREE,4302.9,4302.9,4334.0,4231.1,4267.3,2218200,2022-04-28,602041.0,41745.0,303541.0,84.28,50.42,0.55,187.0,73.0,70.91,-2.3,4242.8,-13.699999999999818,4268.5,25.699999999999818,30200,30200,96.0,ShortBuildUp,11.7,214.95,2.39,-60.099999999999454,-0.014065785336962122,0.023684769893745555,100.41007011960156,-0.5985455435735926,0.5985455435735926,109.23,113.65,102.23,106.98,248786.28,228645.76,695820.27,716014.13,2015230.55,2236940.73,13.52,13.19
2022-04-04,MINDTREE,4242.8,4288.0,4346.0,4251.25,4292.14,2242600,2022-04-28,464198.0,44410.0,177727.0,-41.45,38.29,-0.23,37.0,146.0,69.96,-0.95,4315.7,-67.75,4340.0,24.300000000000182,24400,54600,147.0,ShortBuildUp,84.6,30.3,2.23,72.89999999999964,0.017036107526411826,0.023811280072765697,100.48974170518365,0.7254471825977354,0.7254471825977354,106.88,112.41,95.37,103.69,242005.03,226466.51,673716.38,705236.76,2036928.59,2237182.94,13.23,13.08
2022-04-05,MINDTREE,4315.7,4330.0,4429.0,4325.0,4388.57,2277200,2022-04-28,497864.0,37504.0,147201.0,-17.18,29.57,-0.42,82.0,66.0,69.67,-0.29,4389.5,334.3000000000002,4405.6,16.100000000000364,34600,89200,173.0,LongBuildUp,138.25,39.5,2.41,73.80000000000018,0.01695578920853613,0.023401717105421136,102.7623414100349,0.7181619160031468,0.7181619160031468,109.87,113.51,90.04,100.96,232959.56,223086.17,656937.89,696393.18,2059853.45,2238889.5,13.24,13.08
2022-04-06,MINDTREE,4389.5,4379.0,4407.85,4326.0,4353.76,2320600,2022-04-28,470923.0,42176.0,176010.0,19.57,37.38,-0.24,152.0,156.0,68.31,-1.36,4338.55,44.19999999999982,4351.8,13.25,43400,132600,168.0,LongBuildUp,13.55,90.45,1.86,-50.94999999999982,-0.0116751344786028,0.023560721628699304,102.72183723424608,-0.4959996956033198,0.4959996956033198,100.69,109.26,90.08,100.51,227526.81,221085.43,639192.86,686810.69,2084727.57,2242362.2,13.04,13.0
2022-04-07,MINDTREE,4338.55,4330.0,4345.25,4254.0,4300.71,2368600,2022-04-28,405076.0,34895.0,146351.0,-16.85,36.13,-0.43,83.0,64.0,67.31,-1.0,4271.05,-64.44999999999982,4287.35,16.300000000000182,48000,180600,163.0,ShortBuildUp,17.05,136.8,2.1,-67.5,-0.01568049225449819,0.022977278173199892,102.21936882219337,-0.6603445196126542,0.6603445196126542,92.71,105.36,94.53,102.05,219784.2,217919.61,616862.62,674876.16,2111803.53,2247709.74,12.9,12.94
2022-04-08,MINDTREE,4271.05,4305.0,4345.05,4235.0,4289.57,2368800,2022-04-28,428684.0,35208.0,160980.0,10.0,37.55,-0.34,147.0,138.0,66.82,-0.49,4303.2,34.84999999999945,4322.2,19.0,200,180800,104.0,LongBuildUp,68.2,42.05,2.58,32.149999999999636,0.007499233325869881,0.02192214699200514,98.1371039416454,0.3276029015398373,0.3276029015398373,90.37,103.79,89.53,99.51,214176.22,215515.16,598916.57,664479.94,2136312.54,2252823.15,12.83,12.91
2022-04-11,MINDTREE,4303.2,4307.6,4320.0,4207.0,4240.13,2421000,2022-04-28,431943.0,34665.0,201987.0,25.47,46.760000000000005,-0.08,159.0,107.0,65.14,-1.68,4232.4,-31.699999999999815,4236.8,4.400000000000546,52200,233000,224.0,ShortBuildUp,25.4,112.65,2.63,-70.80000000000018,-0.01658972392902669,0.022119970503602863,94.33538293599652,-0.7505137287462508,0.7505137287462508,84.18,100.49,91.73,100.07,213013.91,214945.61,582994.84,654689.84,2163458.86,2259903.61,12.8,12.89
2022-04-12,MINDTREE,4232.4,4200.0,4200.0,4029.1,4092.36,2420200,2022-04-28,787375.0,69625.0,352151.0,74.34,44.72,0.86,181.0,211.0,63.73,-1.41,4060.45,-330.9000000000005,4074.7,14.25,-800,232200,103.0,LongUnwinding,31.35,259.55,4.04,-171.94999999999982,-0.04147540313781839,0.024042430854560023,93.62056315944875,-1.836669148284712,1.836669148284712,79.14,97.59,107.73,106.76,226279.76,220705.51,602481.19,660259.98,2187937.5,2266632.87,12.66,12.83
2022-04-13,MINDTREE,4060.45,4114.0,4121.95,4045.4,4087.45,2421800,2022-04-28,456143.0,31615.0,159034.0,-54.84,34.86,-0.35,16.0,9.0,63.23,-0.5,4098.95,-120.1999999999998,4116.6,17.650000000000546,1600,233800,24.0,ShortBuildUp,69.85,101.05,1.89,38.5,0.009437038440655243,0.024050659607488162,97.62308836339824,0.3943739195863709,0.3943739195863709,78.25,96.42,107.1,106.52,219868.98,218123.67,588530.24,651714.75,2210232.46,2273128.84,12.82,12.89
2022-04-18,MINDTREE,4098.95,3975.0,4020.0,3833.55,3919.94,2859000,2022-04-28,2067030.0,147137.0,737683.0,363.85,35.69,3.27,222.0,225.0,49.84,-13.39,3957.5,-141.1000000000004,3975.5,18.0,437200,671000,225.0,ShortBuildUp,123.95,164.45,4.55,-141.44999999999982,-0.035118330577676105,0.021408323841994408,98.5824511981136,-1.434839550862238,1.434839550862238,82.61,97.57,112.56,108.94,269229.35,239817.24,729467.51,710809.52,2272075.91,2297591.18,12.94,12.94
2022-04-19,MINDTREE,3957.5,4049.0,4079.55,3561.75,3823.43,2814400,2022-04-28,3311835.0,213237.0,966105.0,30.96,29.17,4.7,162.0,187.0,39.63,-10.21,3635.65,-679.75,3642.45,6.799999999999727,-44600,626400,95.0,LongUnwinding,73.9,443.9,13.08,-321.8499999999999,-0.08482460071701503,0.02809016132719439,84.72344160469287,-3.7988305704306105,3.7988305704306105,81.78,96.59,144.14,122.89,335652.94,270065.73,975609.17,819137.25,2323768.23,2319115.28,13.19,13.05
2022-04-20,MINDTREE,3635.65,3693.8,3720.0,3590.4,3668.96,2792000,2022-04-28,1664742.0,140156.0,476179.0,-50.71,28.6,1.63,24.0,33.0,40.95,1.32,3668.35,36.20000000000027,3678.65,10.300000000000182,-22400,604000,132.0,ShortCovering,106.6,411.2,3.56,32.69999999999982,0.008954057633348,0.028074892771937244,102.12599502921428,0.320192718716186,0.320192718716186,84.14,97.0,169.6,134.87,349046.31,278629.12,1041289.61,854269.61,2368394.85,2338762.23,13.06,13.0
2022-04-21,MINDTREE,3668.35,3700.0,3743.4,3653.0,3709.56,2426400,2022-04-28,522382.0,41340.0,121147.0,-74.56,23.189999999999998,-0.59,3.0,2.0,42.18,1.23,3737.5,-332.39999999999964,3742.3,4.800000000000182,-365600,238400,221.0,LongUnwinding,147.1,5.9,2.46,69.15000000000009,0.018674969027442145,0.028507200244583853,102.98853289993599,0.6714339747628648,0.6714339747628648,90.14,99.08,154.0,129.52,327327.03,272101.43,991836.63,840512.74,2373922.86,2342394.85,13.02,12.99
2022-04-22,MINDTREE,3737.5,3700.0,3897.75,3692.4,3846.21,2090400,2022-04-28,1704417.0,105613.0,458137.0,278.17,26.88,1.52,219.0,220.0,46.96,4.78,3871.3,124.0,3866.3,-5.0,-336000,-97600,154.0,ShortCovering,218.3,26.45,5.49,133.80000000000018,0.035173429229958586,0.02947748942974979,106.54566091413216,1.255799615414024,1.255799615414024,102.36,104.01,141.84,125.26,339792.7,279795.48,1059742.68,876242.06,2346904.27,2331972.86,13.32,13.12
2022-04-25,MINDTREE,3871.3,3820.0,3820.0,3685.0,3726.87,1666000,2022-04-28,783283.0,64737.0,209508.0,-54.27,26.75,-0.03,19.0,22.0,46.6,-0.36,3722.55,-251.19999999999985,3724.3,1.75,-424400,-522000,169.0,LongUnwinding,37.55,175.2,3.49,-148.75,-0.03918145062749723,0.030218959947784386,114.11620482939037,-1.3034958551451037,1.3034958551451037,96.18,101.27,145.02,127.32,327377.81,276894.75,1033398.71,872405.68,2282020.58,2304488.45,13.2,13.07
2022-04-26,MINDTREE,3722.55,3775.1,3787.0,3685.65,3723.59,1753600,2022-05-26,564524.0,35724.0,176576.0,-15.72,31.28,-0.24,85.0,18.0,48.01,1.41,3699.4,108.4499999999998,3713.85,14.449999999999818,549000,549000,33.0,LongBuildUp,14.4,120.6,2.72,-23.15000000000009,-0.0062382729809549176,0.028289421953938448,112.49158935362478,-0.2057931631424153,0.2057931631424153,88.39,97.69,142.69,127.05,313008.59,272763.12,988721.76,859725.58,2231669.77,2281800.13,13.45,13.19
2022-04-27,MINDTREE,3699.4,3660.0,3660.0,3525.85,3564.14,2073400,2022-05-26,1152323.0,88913.0,469113.0,165.67,40.71,1.59,213.0,219.0,49.41,1.4,3538.35,-318.25,3548.05,9.700000000000273,319800,868800,74.0,LongUnwinding,12.5,248.65,3.63,-161.05000000000018,-0.044510127546702805,0.029376889798694447,104.6538875763999,-1.5388821545920093,1.5388821545920093,81.16,94.19,152.79,132.04,327882.36,280833.89,1004309.84,871752.51,2216589.67,2273234.05,13.4,13.18
2022-04-28,MINDTREE,3538.35,3573.0,3638.9,3472.05,3549.18,110000,2022-04-28,1103098.0,79464.0,260534.0,-44.46,23.62,0.28,33.0,82.0,61.84,12.43,3606.2,67.84999999999991,3605.4,-0.7999999999997272,-526600,-2078000,170.0,ShortCovering,134.15,53.8,4.72,67.84999999999991,0.018994069568522676,0.029998733500724555,103.94571801921049,0.6527445410253491,0.6527445410253491,86.21,95.83,143.36,128.83,321465.62,280001.06,1013722.07,881243.82,2015880.38,2184484.02,13.45,13.21
2022-04-29,MINDTREE,3606.2,3650.0,3650.0,3538.25,3574.63,2697600,2022-05-26,1100701.0,62150.0,452182.0,73.56,41.08,1.48,180.0,53.0,58.73,-3.11,3552.15,-51.6500000000001,3566.7,14.549999999999727,79000,1493000,114.0,ShortBuildUp,80.1,97.85,3.1,-54.04999999999973,-0.015101532392128192,0.029911834318549612,108.18143275031288,-0.4996236288046703,0.4996236288046703,85.63,95.18,139.02,127.56,333919.39,287052.28,1022008.83,890231.12,2080829.98,2205497.35,13.86,13.39
2022-05-04,MINDTREE,3480.0,3519.7,3548.9,3440.0,3498.28,2586600,2022-05-26,448152.0,43924.0,66723.0,-85.24,14.89,-0.93,1.0,39.0,57.02,-1.71,3469.05,-14.550000000000182,3480.1,11.049999999999727,-17000,1476000,88.0,LongUnwinding,29.05,180.95,3.13,-83.09999999999991,-0.0236722727086498,0.028236846379936814,106.25132227463601,-0.7821079137745214,0.7821079137745214,80.24,92.48,143.02,129.75,308463.63,278044.91,967337.58,872158.31,2129014.61,2221077.35,13.51,13.26
2022-05-05,MINDTREE,3469.05,3522.0,3548.0,3476.0,3514.03,2563200,2022-05-26,341493.0,28153.0,89333.0,33.89,26.16,-0.79,165.0,28.0,57.11,0.09,3510.45,44.30000000000018,3524.4,13.950000000000273,-23400,1452600,172.0,ShortCovering,70.45,38.45,2.08,41.399999999999636,0.011863453129050683,0.0285179009047715,97.9550319343198,0.4226429125944128,0.4226429125944128,79.3,91.58,133.06,126.02,287587.75,270342.94,907715.36,850500.05,2170378.07,2235040.54,13.38,13.21
2022-05-06,MINDTREE,3510.45,3437.0,3437.0,3280.15,3356.77,2528400,2022-05-26,1075654.0,84771.0,157352.0,76.14,14.63,-0.36,184.0,221.0,55.22,-1.89,3373.8,-142.55000000000018,3381.85,8.049999999999727,-34800,1417800,176.0,LongUnwinding,93.65,174.2,4.47,-136.64999999999964,-0.039704528844328735,0.02925380444102051,100.11066523115511,-1.3649894312906157,1.3649894312906157,80.67,91.67,136.97,127.98,275180.96,265738.75,923713.88,859674.69,2204484.7,2246994.44,13.31,13.19
2022-05-09,MINDTREE,3373.8,3310.0,3429.0,3175.0,3272.99,2565400,2022-05-26,1562520.0,125400.0,232384.0,47.68,14.87,0.11,171.0,189.0,49.92,-5.3,3195.1,-176.19999999999982,3205.65,10.550000000000182,37000,1454800,41.0,ShortBuildUp,20.1,241.9,7.53,-178.70000000000027,-0.05442131929983951,0.029986913051382107,98.696485423115,-1.8106014538806283,1.8106014538806283,74.9,88.75,146.97,132.62,271104.06,264381.68,984567.58,888270.62,2238866.07,2259949.08,13.23,13.16
2022-05-10,MINDTREE,3195.1,3212.0,3234.7,3075.0,3155.48,2528200,2022-05-26,743704.0,60920.0,150320.0,-35.31,20.21,-0.41,50.0,11.0,49.43,-0.49,3089.4,-106.45000000000029,3099.2,9.799999999999727,-37200,1417600,47.0,LongUnwinding,14.4,339.6,5.0,-105.69999999999982,-0.03364148894622154,0.029375087408285375,95.81118589047097,-1.1032114780505222,1.1032114780505222,69.14,85.73,165.32,141.03,259598.24,259747.78,961623.06,882397.42,2266427.84,2270847.1,13.13,13.12
2022-05-12,MINDTREE,3043.35,3015.0,3079.0,2901.05,2980.3,2543200,2022-05-26,1147473.0,85188.0,291788.0,94.11,25.430000000000003,0.48,194.0,182.0,47.97,-1.46,2954.95,-96.10000000000036,2959.7,4.75,75400,1493000,22.0,ShortBuildUp,53.9,279.75,5.85,-134.45000000000027,-0.04449516705687806,0.029960191250899573,90.75139503915685,-1.4815199253079099,1.4815199253079099,67.69,84.44,176.22,146.66,262664.55,261047.62,979326.63,893151.27,2292792.42,2281896.18,13.16,13.14
2022-05-13,MINDTREE,2954.95,2989.0,3058.0,2925.3,2989.59,2501000,2022-05-26,757233.0,55375.0,190090.0,-34.85,25.1,-0.16,52.0,30.0,48.45,0.48,2938.95,-740.5500000000003,2938.1,-0.849999999999909,-42200,1450800,70.0,LongUnwinding,37.9,140.05,4.49,-16.0,-0.005429355538387526,0.03008804826121732,88.53086713684569,-0.18072792594777326,0.18072792594777326,64.85,82.56,172.77,146.39,255751.43,258172.83,958170.99,887644.66,2312625.34,2290772.99,13.21,13.16
2022-05-16,MINDTREE,2938.95,2950.0,3018.95,2905.0,2945.9,2502400,2022-05-26,617469.0,45603.0,155702.0,-18.09,25.22,-0.37,80.0,63.0,47.81,-0.64,2938.75,-16.149999999999636,2943.55,4.800000000000182,1400,1452200,101.0,ShortBuildUp,33.75,119.25,3.88,-0.1999999999998181,-6.805383060637382e-05,0.029813966143283646,88.42726943730464,-0.0022617457405672697,0.0022617457405672697,61.89,80.58,167.68,145.29,246221.33,254026.7,925717.82,876712.91,2330702.1,2299335.76,13.24,13.17
2022-05-18,MINDTREE,3070.85,3109.45,3172.8,2987.4,3068.16,2457400,2022-05-26,1204964.0,82200.0,348957.0,124.12,28.96,0.84,199.0,203.0,49.27,1.46,3026.15,-49.9000000000001,3029.25,3.099999999999909,-7600,1444600,10.0,LongUnwinding,121.15,146.65,6.04,87.40000000000009,0.029306863655405024,0.03156568027123241,87.61579300357481,0.9975370535815853,0.9975370535815853,67.53,82.22,165.67,145.34,256007.15,257862.95,952316.67,889977.96,2342770.38,2305723.34,13.38,13.23
2022-05-19,MINDTREE,3026.15,2934.8,2945.35,2834.05,2874.1,2350200,2022-05-26,1177993.0,91578.0,525388.0,50.56,44.6,1.94,173.0,153.0,47.84,-1.43,2845.75,-180.44999999999985,2848.8,3.050000000000182,-107200,1337400,219.0,LongUnwinding,11.7,327.05,3.68,-180.4000000000001,-0.061464531304357806,0.032655656206417555,95.52248335278996,-1.8885606159728372,1.8885606159728372,62.21,79.37,181.04,152.68,281665.94,268661.07,973812.56,901603.11,2343478.06,2307518.55,13.33,13.22
2022-05-20,MINDTREE,2845.75,2925.0,2925.05,2850.0,2891.94,2271400,2022-05-26,701971.0,38996.0,274168.0,-47.82,39.06000000000001,0.37,29.0,5.0,49.54,1.7,2899.85,58.149999999999636,2906.95,7.099999999999909,-78800,1258600,142.0,ShortCovering,65.8,45.5,2.64,54.09999999999991,0.018832358293568774,0.033096301555903325,92.92983364941276,0.5821596561132096,0.5821596561132096,62.55,78.83,168.13,148.36,280951.76,268883.09,947919.72,893554.59,2336612.64,2306062.37,13.77,13.41
2022-05-23,MINDTREE,2899.85,2917.0,2986.65,2880.0,2958.22,2040200,2022-05-26,587593.0,36185.0,223802.0,-18.37,38.09,0.05,79.0,94.0,51.74,2.2,2971.4,63.60000000000037,2970.55,-0.849999999999909,-231200,1027400,197.0,ShortCovering,121.4,15.25,3.68,71.55000000000018,0.024374210704357857,0.03395614476700284,95.97431006688625,0.7455120015985078,0.7455120015985078,68.16,80.54,153.57,143.0,275508.33,267067.57,913599.09,881232.78,2308379.73,2295355.45,14.01,13.53
2022-05-24,MINDTREE,2971.4,2994.0,2994.0,2857.85,2906.13,1463800,2022-05-26,669315.0,41195.0,257859.0,15.22,38.53,0.27,149.0,160.0,53.69,1.95,2896.95,-76.10000000000036,2894.45,-2.5,-576400,451000,190.0,LongUnwinding,39.1,97.05,4.58,-74.45000000000027,-0.025374762816534613,0.02996943615944794,100.89728856067224,-0.737879095286406,0.737879095286406,65.39,78.87,148.19,141.15,273827.27,266697.11,890331.6,872707.35,2227935.5,2261902.05,14.22,13.64
2022-05-26,MINDTREE,2742.45,2752.0,2775.0,2649.2,2721.17,140800,2022-05-26,846931.0,56428.0,201799.0,-21.74,23.830000000000002,-0.08,72.0,179.0,68.93,15.24,2748.6,1.1500000000000907,2743.65,-4.949999999999818,-542800,-91800,156.0,ShortCovering,99.4,245.4,4.59,-148.3499999999999,-0.05256676826596696,0.03093171734986704,86.8199580821127,-1.7087084960314451,1.7087084960314451,68.63,79.7,157.45,145.34,266966.81,264088.91,886197.84,871671.42,2029142.66,2176656.77,14.3,13.69
2022-05-30,MINDTREE,2866.4,2911.5,3029.0,2911.5,2994.82,2368400,2022-06-30,714870.0,47941.0,134584.0,-33.31,18.83,-0.5,56.0,67.0,66.87,-2.06,3007.4,147.4000000000001,3014.5,7.099999999999909,-25000,-25000,107.0,ShortCovering,358.2,21.6,4.1,258.8000000000002,0.0899842269674691,0.03781667185396134,85.01891830784454,3.0440283780477264,3.0440283780477264,96.21,90.88,144.51,140.37,254357.89,258889.28,869879.56,865375.83,2061455.53,2184355.27,14.36,13.74
2022-05-31,MINDTREE,3007.4,3007.4,3068.15,2968.0,3037.64,2381800,2022-06-30,965340.0,51346.0,457101.0,239.64,47.349999999999994,1.52,217.0,148.0,66.54,-0.33,3047.65,35.05000000000018,3049.55,1.900000000000091,13400,-11600,73.0,LongBuildUp,136.15,20.5,3.33,40.25,0.01329488372859089,0.036787182675890866,113.72985893360334,0.35390881847042793,0.35390881847042793,100.02,92.7,132.7,135.56,273668.19,266840.06,878971.71,869385.65,2091966.8,2192275.29,14.78,13.94
2022-06-01,MINDTREE,3047.65,3050.0,3066.0,2987.05,3023.59,2390400,2022-06-30,511770.0,35993.0,185101.0,-59.51,36.17,-0.19,13.0,37.0,65.83,-0.71,3003.55,-46.4000000000001,3003.15,-0.40000000000009095,8600,-3000,139.0,ShortBuildUp,35.55,64.6,2.59,-44.09999999999991,-0.014575879420277715,0.03624566206615203,112.1144572821788,-0.3933480219148315,0.3933480219148315,93.88,90.41,126.21,132.72,265232.65,263564.23,843997.77,855053.62,2120390.92,2200215.46,14.73,13.95
2022-06-02,MINDTREE,3003.55,2990.0,3085.0,2968.05,3052.4,2430800,2022-06-30,509508.0,33191.0,113591.0,-38.63,22.29,-0.64,45.0,92.0,65.12,-0.71,3061.0,69.40000000000009,3072.55,11.550000000000182,40400,37400,209.0,LongBuildUp,92.95,24.0,3.89,57.44999999999982,0.018946737548878545,0.03679645795578587,108.86565829879095,0.5277146245910117,0.5277146245910117,93.79,90.51,116.48,128.37,250789.71,257558.98,812139.66,841217.22,2149955.48,2209448.57,14.79,14.01
2022-06-03,MINDTREE,3061.0,3099.0,3181.9,3072.1,3133.23,2396400,2022-06-30,856044.0,66147.0,199942.0,76.02,23.36,-0.09,183.0,210.0,64.42,-0.7,3081.9,18.299999999999727,3090.85,8.949999999999818,-34400,3000,58.0,ShortCovering,113.85,100.0,3.59,20.90000000000009,0.006804629944916485,0.03601743282528656,112.63395780266055,0.18555682857755718,0.18555682857755718,95.7,91.44,114.91,127.23,245946.81,255253.78,816321.26,841810.43,2173427.68,2216928.32,14.61,13.97
2022-06-06,MINDTREE,3081.9,3055.25,3086.5,2980.0,3029.63,2356200,2022-06-30,435287.0,30482.0,71291.0,-64.34,16.38,-0.9,9.0,10.0,64.42,0.0,3072.6,-11.299999999999725,3079.55,6.950000000000273,-40200,-37200,164.0,LongUnwinding,92.6,109.3,3.46,-9.300000000000182,-0.003022181193768958,0.035553333611730076,111.00212622425066,-0.08378217892161789,0.08378217892161789,95.4,91.49,114.37,126.51,229312.09,247899.43,780030.47,825558.69,2190835.43,2222496.04,14.58,13.98
2022-06-07,MINDTREE,3072.6,3050.0,3078.5,3011.05,3039.18,2279400,2022-06-30,336309.0,24666.0,101761.0,42.74,30.260000000000005,-0.71,167.0,61.0,64.89,0.47,3033.6,-42.05000000000018,3037.5,3.900000000000091,-76800,-114000,185.0,LongUnwinding,53.6,52.9,2.2,-39.0,-0.012774075635856974,0.03553248395526544,109.24117285540183,-0.357008250466358,0.357008250466358,91.42,89.98,108.52,123.57,217163.82,242061.64,737769.38,806014.66,2199270.53,2224769.18,14.49,13.97
2022-06-08,MINDTREE,3033.6,3039.0,3094.0,3020.95,3061.35,2245800,2022-06-30,381830.0,28404.0,73542.0,-27.73,19.259999999999998,-0.89,61.0,163.0,64.99,0.1,3063.0,28.050000000000185,3065.55,2.550000000000182,-33600,-147600,129.0,ShortCovering,51.95,31.0,2.41,29.40000000000009,0.009644794772071918,0.0355187647431713,107.79134332669324,0.27274917532936555,0.27274917532936555,87.66,88.46,101.14,119.88,203485.0,235334.72,703869.01,789082.16,2203702.09,2225608.68,14.39,13.95
2022-06-09,MINDTREE,3063.0,3015.0,3124.95,3007.0,3080.74,2251400,2022-06-30,277545.0,21593.0,54399.0,-26.03,19.6,-1.01,65.0,47.0,64.35,-0.64,3114.6,58.19999999999982,3123.75,9.150000000000091,5600,-142000,90.0,LongBuildUp,107.6,10.35,3.85,51.59999999999991,0.0167059052284646,0.03565549975799983,108.79397640833368,0.47429096447703073,0.47429096447703073,89.56,89.22,92.49,115.51,189285.81,228117.24,663265.23,768677.06,2208244.92,2226637.49,14.24,13.9
2022-06-10,MINDTREE,3114.6,3075.2,3085.0,3021.25,3059.05,2269600,2022-06-30,334366.0,24354.0,65289.0,20.02,19.530000000000005,-0.94,153.0,158.0,63.6,-0.75,3062.25,-57.30000000000018,3066.45,4.199999999999818,18200,-123800,201.0,ShortBuildUp,55.25,62.7,2.05,-52.34999999999991,-0.016950793193444724,0.034908300777589094,111.05261954626627,-0.47139815534193746,0.47139815534193746,86.29,87.87,89.65,113.4,177476.19,221626.43,631940.45,751364.17,2214088.45,2228350.1,14.19,13.89
2022-06-13,MINDTREE,3062.25,2965.0,2997.0,2875.0,2914.33,2213800,2022-06-30,575600.0,45862.0,158201.0,142.31,27.48,-0.36,206.0,206.0,63.68,0.08,2881.85,-181.75,2884.7,2.849999999999909,-55800,-179600,12.0,LongUnwinding,6.85,203.15,3.98,-180.4000000000001,-0.06071749085228095,0.03538130631348988,106.89794405617221,-1.6875909222838223,1.6875909222838223,78.73,84.64,100.46,116.98,175640.41,219099.75,626574.53,744362.24,2214060.98,2227770.47,14.04,13.84
2022-06-14,MINDTREE,2881.85,2838.5,2970.0,2830.0,2927.17,2214800,2022-06-30,666906.0,45293.0,104222.0,-34.12,15.630000000000003,-0.69,54.0,108.0,63.44,-0.24,2922.0,45.30000000000018,2930.0,8.0,1000,-178600,102.0,LongBuildUp,92.0,75.0,4.86,40.15000000000009,0.013835864295131728,0.03496830780205676,101.9636175995308,0.393767904133139,0.393767904133139,79.99,84.93,98.04,115.31,168838.47,214526.19,630415.73,741278.52,2214131.37,2227254.08,14.1,13.88
2022-06-15,MINDTREE,2922.0,2931.0,2973.25,2912.05,2938.79,2204600,2022-06-30,249157.0,19554.0,66664.0,-36.04,26.76,-0.93,49.0,7.0,63.99,0.55,2929.25,7.25,2937.25,8.0,-10200,-188800,4.0,ShortCovering,99.25,44.0,2.09,7.25,0.0024781042376202933,0.03363489384127994,102.17739539760984,0.07095502847559955,0.07095502847559955,81.83,85.5,92.89,112.47,159107.33,208642.96,594104.48,721697.69,2213223.59,2226352.71,13.97,13.83
2022-06-17,MINDTREE,2814.8,2815.0,2832.85,2743.2,2785.85,2153200,2022-06-30,621633.0,43885.0,174686.0,162.04,28.1,-0.25,212.0,216.0,63.66,-0.33,2780.35,-33.19999999999982,2788.5,8.150000000000091,-41200,-230000,207.0,LongUnwinding,37.15,192.9,3.18,-148.9000000000001,-0.05216959850765601,0.035479145276723745,98.52501278456927,-1.5112913542632944,1.5112913542632944,77.57,83.58,102.41,115.67,160591.04,207292.63,596726.3,717718.53,2207506.93,2223443.73,13.99,13.84
2022-06-20,MINDTREE,2780.35,2804.0,2819.8,2717.0,2747.95,2125800,2022-06-30,443821.0,39206.0,90612.0,-48.13,20.419999999999998,-0.78,28.0,81.0,63.84,0.18,2756.95,-26.90000000000009,2761.6,4.650000000000091,-27400,-257400,141.0,LongUnwinding,39.95,75.9,3.7,-23.40000000000009,-0.008451822835962908,0.03549590254635967,98.64444157013887,-0.23721559600864137,0.23721559600864137,73.99,81.85,99.89,114.09,153926.24,202655.28,582163.59,706832.75,2199725.16,2219562.98,13.74,13.74
2022-06-21,MINDTREE,2756.95,2791.95,2893.4,2777.3,2857.55,2057400,2022-06-30,459162.0,30980.0,91334.0,0.8,19.89,-0.77,136.0,58.0,64.93,1.09,2882.3,123.75,2885.35,3.049999999999727,-68400,-325800,191.0,ShortCovering,165.3,11.1,4.21,125.35000000000036,0.044463590316280666,0.03633080098255144,97.86042852518628,1.2809058971956075,1.2809058971956075,82.68,85.16,91.43,110.0,147964.96,198233.27,570448.94,696994.53,2186170.14,2213121.38,13.84,13.79
2022-06-22,MINDTREE,2882.3,2881.5,2881.5,2790.25,2822.08,2016800,2022-06-30,287270.0,20896.0,50946.0,-44.22,17.73,-1.03,35.0,35.0,64.69,-0.24,2796.5,-84.6999999999998,2800.65,4.150000000000091,-40600,-366400,135.0,LongUnwinding,19.2,96.9,3.17,-85.80000000000018,-0.03021995125928445,0.03437465277515175,104.71626767200802,-0.8193569338122582,0.8193569338122582,76.64,82.54,91.95,109.48,138724.91,192385.54,543479.07,680727.3,2170039.38,2205326.86,13.83,13.79
2022-06-23,MINDTREE,2796.5,2799.0,2925.0,2799.0,2869.35,1969000,2022-06-30,418581.0,30874.0,69868.0,37.14,25.15,-0.91,166.0,188.0,64.75,0.06,2916.0,117.5,2918.15,2.150000000000091,-47800,-414200,166.0,ShortCovering,125.75,9.0,4.51,119.5,0.04184417886690639,0.03538478296188683,96.12871648571186,1.2431248888854345,1.2431248888854345,81.32,84.26,84.05,105.49,132167.01,187523.62,531583.84,670324.42,2150892.49,2195948.58,13.81,13.78
2022-06-24,MINDTREE,2916.0,2955.0,2983.15,2818.0,2860.29,1927200,2022-06-30,725333.0,53801.0,149796.0,114.4,20.65,-0.41,197.0,200.0,61.61,-3.14,2831.9,-78.95000000000027,2839.2,7.299999999999727,-41800,-456000,152.0,LongUnwinding,32.9,151.25,5.66,-84.09999999999991,-0.029264949672840324,0.03549320807840879,103.182027116862,-0.8150644288539693,0.8150644288539693,76.7,82.22,90.45,107.3,133845.98,186027.15,550036.39,672506.33,2129588.15,2185288.68,13.77,13.76
2022-06-27,MINDTREE,2831.9,2890.6,2969.75,2880.05,2937.47,982200,2022-07-28,727258.0,49067.0,154041.0,2.83,21.18,-0.38,140.0,89.0,62.3,0.69,2958.55,52.35000000000037,2939.55,-19.0,483200,483200,3.0,LongBuildUp,140.55,24.6,3.17,126.65000000000009,0.0437514189745416,0.0364380896729616,100.51321595724586,1.2600333079967487,1.2600333079967487,82.78,84.53,84.18,104.03,135769.34,184758.99,566914.85,674677.08,2020311.75,2137589.65,13.87,13.81
2022-06-28,MINDTREE,2958.55,2934.0,3040.0,2895.15,2968.9,1169800,2022-06-30,617916.0,39314.0,132493.0,-13.99,21.44,-0.52,88.0,59.0,60.62,-1.68,3027.05,71.5500000000002,3029.05,2.0,-345200,-1213400,149.0,LongBuildUp,147.0,12.95,4.9,68.5,0.022889264459672987,0.034563717262795265,107.80391020194055,0.6354129444069734,0.6354129444069734,88.9,87.01,77.4,100.42,135457.31,182687.69,571772.15,672427.63,1939309.73,2099236.1,14.05,13.88
2022-06-29,MINDTREE,3027.05,2967.3,3028.9,2930.0,2978.45,335400,2022-06-30,1126201.0,79505.0,511072.0,285.74,45.379999999999995,1.85,220.0,213.0,60.4,-0.22,2946.7,-91.3000000000002,2937.75,-8.949999999999818,-834400,-2047800,25.0,ShortBuildUp,51.55,93.3,3.27,-80.35000000000036,-0.026902647773131783,0.029106027047372553,104.62610034034441,-0.7679728073456348,0.7679728073456348,85.34,85.6,78.91,100.13,171230.49,195696.19,624575.43,690403.24,1786554.89,2029364.15,14.06,13.89
2022-06-30,MINDTREE,2946.7,2953.0,2997.55,2872.55,2930.95,75600,2022-06-30,855551.0,53519.0,399554.0,-21.82,46.7,1.16,70.0,34.0,68.6,8.2,2887.05,-50.55000000000018,2887.2,0.1499999999996362,-259800,-2307600,86.0,ShortBuildUp,14.5,141.85,4.24,-59.649999999999636,-0.020450680587549286,0.02921038776546646,85.76672990049269,-0.6954911312254307,0.6954911312254307,78.6,82.79,84.91,101.79,192975.79,203768.52,646573.3,696942.74,1623605.33,1951999.24,14.24,13.98
2022-07-01,MINDTREE,2887.05,2874.0,2905.9,2810.0,2860.29,2557200,2022-07-28,582730.0,39720.0,213245.0,-46.63,36.59000000000001,-0.01,30.0,45.0,66.38,-2.22,2883.35,-1470.4499999999996,2869.55,-13.799999999999727,70400,2058200,121.0,ShortBuildUp,73.35,114.2,3.32,-3.700000000000273,-0.0012824069413124306,0.029081133395095448,84.33184999828994,-0.04387428948938391,0.04387428948938391,78.1,82.41,87.7,102.28,194906.2,204143.63,640492.94,692421.89,1712519.84,1975954.75,14.28,14.0
2022-07-04,MINDTREE,2883.35,2900.0,2919.4,2830.0,2858.14,2583600,2022-07-28,394278.0,25723.0,109869.0,-48.48,27.87,-0.66,26.0,29.0,64.83,-1.55,2861.65,-22.050000000000185,2847.5,-14.150000000000091,26400,2084600,126.0,ShortBuildUp,51.65,57.75,3.1,-21.699999999999818,-0.007554431053247157,0.02870175193156873,83.85108597474846,-0.2587921163780123,0.2587921163780123,75.58,81.2,84.84,100.52,186807.36,200413.35,617043.72,680624.87,1795480.47,1999998.19,14.38,14.06
2022-07-05,MINDTREE,2861.65,2862.0,2892.0,2809.0,2853.66,2641600,2022-07-28,486434.0,38742.0,101516.0,-7.6,20.87,-0.71,100.0,192.0,63.73,-1.1,2818.1,-27.40000000000009,2820.1,2.0,58000,2142600,187.0,ShortBuildUp,9.1,101.3,2.9,-43.55000000000018,-0.015335482545278722,0.028722242563814147,82.13436841497365,-0.5302287074269475,0.5302287074269475,69.25,78.34,86.41,100.55,178684.32,196501.53,604604.62,672943.79,1876063.82,2025376.29,14.21,14.0
2022-07-06,MINDTREE,2818.1,2820.0,2874.9,2818.6,2848.15,2619200,2022-07-28,378083.0,30553.0,80843.0,-20.36,21.38,-0.84,75.0,57.0,63.61,-0.12,2861.3,54.3499999999999,2874.45,13.149999999999636,-22400,2120200,82.0,ShortCovering,52.3,30.7,2.0,43.20000000000027,0.015213168004549082,0.029035514798969476,80.94215176908465,0.5337144992542717,0.5337144992542717,67.63,77.31,81.11,97.79,169366.04,191928.29,583031.0,661284.73,1946839.13,2048856.61,14.04,13.93
2022-07-07,MINDTREE,2861.3,2892.0,2940.0,2850.0,2894.01,2657000,2022-07-28,464523.0,33574.0,98978.0,22.43,21.310000000000002,-0.73,157.0,152.0,62.08,-1.53,2879.0,17.0,2891.45,12.449999999999818,37800,2158000,29.0,LongBuildUp,60.4,61.0,3.15,17.699999999999818,0.006166944618223091,0.029023712282331682,83.07931849429137,0.21304941254683063,0.21304941254683063,66.94,76.65,79.19,96.33,162662.38,188254.15,571744.46,653507.12,2014473.87,2072895.32,14.02,13.93
2022-07-08,MINDTREE,2879.0,2914.0,2935.0,2868.05,2898.18,2725000,2022-07-28,507791.0,40572.0,93578.0,-5.46,18.43,-0.76,103.0,168.0,59.93,-2.15,2889.75,8.0,2899.45,9.699999999999818,68000,2226000,183.0,LongBuildUp,39.75,50.25,2.33,10.75,0.0037269815622007485,0.028928565356530354,83.55926766083292,0.1286511993335587,0.1286511993335587,64.35,75.19,76.43,94.51,156082.88,184512.96,565653.62,647749.05,2082143.36,2098663.69,13.87,13.87
2022-07-11,MINDTREE,2889.75,2841.2,2842.2,2766.0,2802.89,2747800,2022-07-28,574216.0,39115.0,88944.0,-4.95,15.49,-0.79,104.0,102.0,57.92,-2.01,2813.5,-82.5,2816.95,3.449999999999818,22800,2248800,123.0,ShortBuildUp,47.5,121.5,2.64,-76.25,-0.026740733301043207,0.02901931248261913,83.59632173903358,-0.9121214715407344,0.9121214715407344,62.75,74.09,80.73,95.58,149688.68,180737.62,566469.09,644844.21,2145539.52,2124307.07,13.95,13.9
2022-07-12,MINDTREE,2813.5,2803.0,2889.0,2793.0,2856.05,3020000,2022-07-28,824514.0,58894.0,204054.0,129.42,24.75,-0.07,201.0,191.0,53.82,-4.1,2853.7,44.70000000000028,2861.65,7.950000000000273,272200,2521000,217.0,LongBuildUp,87.7,35.3,3.41,40.19999999999982,0.01418713801122351,0.029164785192511727,81.64583566984892,0.49237048858874405,0.49237048858874405,65.13,74.63,76.4,93.2,154866.35,181658.44,591044.9,651939.81,2228821.81,2159680.18,13.95,13.91
2022-07-13,MINDTREE,2853.7,2857.0,2915.0,2853.1,2886.81,3439000,2022-07-28,1120124.0,56965.0,376252.0,84.39,33.59,1.01,188.0,104.0,40.78,-13.04,2900.6,46.69999999999982,2908.35,7.75,419000,2940000,178.0,LongBuildUp,107.6,14.4,2.17,46.90000000000009,0.01630121424159281,0.026292309618802093,83.22754750387071,0.5635153432560162,0.5635153432560162,69.17,75.93,70.5,90.08,175950.77,189341.29,641433.57,670424.44,2344077.3,2210189.69,14.5,14.14
2022-07-14,MINDTREE,2900.6,2960.0,2960.0,2760.1,2817.78,3489000,2022-07-28,3012407.0,179961.0,580986.0,54.41,19.29,2.29,175.0,222.0,26.18,-14.6,2786.5,-114.1999999999998,2794.15,7.650000000000091,50000,2990000,112.0,ShortBuildUp,26.4,173.5,6.89,-114.09999999999991,-0.04013128411655931,0.027513127284803138,76.26347328029735,-1.4961290784729788,1.4961290784729788,65.1,73.98,80.31,93.38,214525.69,204799.91,867241.32,762864.93,2453117.92,2260665.66,14.71,14.24
2022-07-15,MINDTREE,2786.5,2800.0,2843.8,2772.0,2814.62,3394000,2022-07-28,1553781.0,80994.0,539486.0,-7.14,34.72,2.03,101.0,8.0,33.66,7.48,2828.95,46.19999999999982,2840.35,11.400000000000091,-95000,2895000,26.0,ShortCovering,68.85,131.05,2.58,42.44999999999982,0.015119290046003542,0.02775918813238687,76.66532917910395,0.5537053118343627,0.5537053118343627,65.45,73.78,85.14,94.86,245474.38,218006.95,932626.25,794075.24,2542726.01,2305388.13,15.14,14.43
2022-07-18,MINDTREE,2828.95,2871.0,2985.0,2851.75,2923.45,3168400,2022-07-28,1064220.0,62496.0,244251.0,-54.73,22.95,0.18,17.0,50.0,42.57,8.91,2966.3,136.20000000000027,2976.55,10.25,-225600,2669400,188.0,ShortCovering,194.3,18.7,4.71,137.35000000000036,0.04740976685235587,0.027198987152765704,78.52935526711583,1.7490274755574833,1.7490274755574833,77.73,78.53,78.81,91.86,245357.87,219042.31,945159.02,804732.8,2602314.17,2339435.06,15.32,14.54
2022-07-19,MINDTREE,2966.3,2950.0,3047.35,2938.2,3022.54,3086000,2022-07-28,1180322.0,70825.0,149771.0,-38.68,12.690000000000001,-0.41,44.0,159.0,43.79,1.22,3040.1,69.69999999999982,3046.25,6.150000000000091,-82400,2587000,125.0,ShortCovering,188.35,7.25,3.68,73.79999999999973,0.024575024688139102,0.027452345457296197,80.68035559124891,0.9147208073039843,0.9147208073039843,88.26,82.86,72.0,88.52,236254.33,216310.11,967555.55,819546.79,2648379.6,2368881.07,15.45,14.62
2022-07-20,MINDTREE,3040.1,3100.0,3161.0,3056.05,3116.95,2933800,2022-07-28,1113818.0,63974.0,288868.0,92.87,25.929999999999996,0.46,192.0,86.0,43.63,-0.16,3149.15,103.09999999999992,3149.35,0.1999999999998181,-152200,2434800,184.0,ShortCovering,210.95,11.85,3.45,109.05000000000018,0.035242165540042336,0.026850918168721948,83.45787542472617,1.3066472090864154,1.3066472090864154,99.95,87.91,66.27,85.5,241265.17,219171.29,981485.34,831150.81,2675562.56,2391157.56,15.63,14.73
2022-07-21,MINDTREE,3149.15,3159.0,3223.75,3110.05,3180.77,2751000,2022-07-28,1048253.0,60813.0,254910.0,-11.76,24.32,0.25,91.0,99.0,43.5,-0.13,3214.25,62.25,3211.6,-2.650000000000091,-182800,2252000,167.0,ShortBuildUp,158.2,9.5,3.61,65.09999999999991,0.020461473828227383,0.02586035927778312,84.55756895103072,0.7698896835326575,0.7698896835326575,105.49,90.68,60.86,82.5,242564.68,220580.27,987844.17,839709.95,2682747.09,2405344.17,15.79,14.83
2022-07-22,MINDTREE,3214.25,3235.0,3236.0,3163.0,3190.74,2607000,2022-07-28,682335.0,43416.0,149388.0,-41.4,21.89,-0.41,38.0,40.0,45.61,2.11,3181.85,-24.199999999999815,3187.4,5.550000000000182,-144000,2108000,51.0,ShortBuildUp,71.8,54.15,2.27,-32.40000000000009,-0.010131260341179171,0.02478649036574377,83.1216598086144,-0.38979009892969296,0.38979009892969296,102.28,89.94,60.22,81.38,233690.69,217774.14,958748.01,833506.82,2675533.07,2413292.69,15.78,14.86
2022-07-25,MINDTREE,3181.85,3173.5,3210.0,3150.55,3185.16,1967400,2022-07-28,427172.0,39857.0,92783.0,-37.89,21.72,-0.77,47.0,91.0,46.62,1.01,3191.9,6.900000000000091,3194.3,2.400000000000091,-639600,1468400,9.0,LongBuildUp,41.35,44.1,1.87,10.050000000000182,0.0031535621349760845,0.02358122318808069,78.86689437024181,0.12742989413048658,0.12742989413048658,96.48,88.03,58.69,79.92,220270.89,212848.44,908121.64,817493.83,2608091.71,2395720.78,15.3,14.7
2022-07-27,MINDTREE,3046.55,3053.9,3145.0,3012.2,3087.24,413200,2022-07-28,660951.0,43659.0,146052.0,57.41,22.100000000000005,-0.43,176.0,151.0,52.27,5.65,3136.85,87.04999999999973,3139.1,2.25,-498400,970000,54.0,LongBuildUp,124.65,73.15,4.36,-55.05000000000018,-0.017397239095798156,0.022392872774519082,75.26890629403475,-0.7313777057547471,0.7313777057547471,99.16,89.47,60.06,79.65,213202.42,210216.61,884581.54,811325.92,2399054.09,2317607.93,15.28,14.72
2022-07-28,MINDTREE,3136.85,3184.5,3346.0,3162.3,3289.35,151000,2022-07-28,1927775.0,103702.0,534579.0,266.02,27.73,2.0,218.0,217.0,65.28,13.01,3325.4,189.45000000000027,3328.55,3.150000000000091,-262200,707800,65.0,LongBuildUp,313.2,20.6,5.86,188.55000000000018,0.058370855943921995,0.025153879998275282,70.24308296275018,2.684250064878104,2.684250064878104,119.55,98.28,56.31,77.32,243809.75,222994.38,983933.44,855306.73,2184953.41,2232257.7,15.6,14.87
2022-07-29,MINDTREE,3325.4,3375.0,3478.9,3350.8,3420.6,2661600,2022-08-25,1511689.0,102416.0,394330.0,-26.24,26.090000000000003,1.12,64.0,109.0,61.96,-3.32,3413.5,84.8000000000002,3425.65,12.150000000000091,-14800,1389200,97.0,ShortCovering,251.2,65.4,3.85,88.09999999999991,0.02614819025205506,0.02450037943775727,83.64671254626462,1.0532392405890691,1.0532392405890691,132.09,104.3,57.17,76.85,258145.03,229742.68,1034195.93,881159.32,2230348.38,2249167.98,15.52,14.87
2022-08-02,MINDTREE,3430.25,3400.0,3422.7,3361.0,3394.39,2661400,2022-08-25,656722.0,43987.0,144287.0,-63.41,21.97,-0.44,11.0,6.0,60.66,-1.3,3384.25,-51.0,3392.4,8.150000000000091,7000,1396200,77.0,ShortBuildUp,33.45,94.65,1.8,-29.25,-0.008605841792439506,0.023967305201160093,83.63204521078444,-0.3497463194434492,0.3497463194434492,122.69,101.51,60.74,77.55,247301.4,226377.46,998245.99,872321.03,2271400.96,2265401.58,15.46,14.87
2022-08-03,MINDTREE,3384.25,3375.0,3462.0,3362.0,3433.35,2680600,2022-08-25,973214.0,55819.0,114282.0,-20.8,11.74,-0.63,73.0,173.0,57.89,-2.77,3434.95,60.94999999999982,3453.35,18.40000000000009,19200,1415400,195.0,LongBuildUp,73.95,27.05,2.95,50.69999999999982,0.0148700534438575,0.02392827646284812,81.11135262702605,0.6250666319563599,0.6250666319563599,118.05,100.43,57.53,75.57,234632.87,221963.89,995861.99,876293.52,2310372.34,2281749.31,15.65,14.97
2022-08-04,MINDTREE,3434.95,3484.0,3540.0,3441.05,3509.38,2700800,2022-08-25,1234161.0,83815.0,174493.0,52.69,14.14,-0.25,174.0,190.0,56.81,-1.08,3531.75,91.8000000000002,3545.15,13.400000000000091,20200,1435600,161.0,LongBuildUp,169.75,8.25,2.88,96.80000000000018,0.02779112928202032,0.0239976825418034,82.19243323606014,1.1777239849073027,1.1777239849073027,122.97,103.16,52.84,72.92,228905.26,220095.1,1018557.16,890381.72,2347555.96,2298246.11,15.56,14.96
2022-08-08,MINDTREE,3565.65,3576.0,3588.45,3518.0,3539.11,2717000,2022-08-25,378571.0,29804.0,62256.0,-64.32,16.44,-0.96,10.0,4.0,56.65,-0.16,3530.25,-27.15000000000009,3547.5,17.25,5400,1441000,118.0,ShortBuildUp,89.2,58.2,1.98,-1.5,-0.00042480884241236083,0.02342372425833037,84.75381531701416,-0.0176983182926855,0.0176983182926855,119.76,102.61,53.35,72.34,213033.89,213882.38,957606.04,870236.28,2382741.13,2314728.74,15.29,14.87
2022-08-10,MINDTREE,3530.25,3557.0,3557.0,3451.05,3487.84,2717400,2022-08-25,420155.0,38561.0,78615.0,26.28,18.709999999999997,-0.85,160.0,176.0,56.37,-0.28,3500.1,-32.15000000000009,3515.35,15.25,400,1441400,108.0,ShortBuildUp,49.05,88.35,3.0,-30.15000000000009,-0.008577150451440474,0.02376875909817091,82.69160256297079,-0.36460776022620256,0.36460776022620256,113.02,100.5,56.68,72.97,200232.08,208558.87,906420.19,852523.14,2414613.43,2330576.03,14.87,14.71
2022-08-11,MINDTREE,3500.1,3589.9,3630.0,3550.3,3610.06,2732600,2022-08-25,758425.0,51109.0,190956.0,142.9,25.180000000000003,-0.15,207.0,177.0,56.0,-0.37,3623.1,114.3000000000002,3629.65,6.550000000000182,15200,1456600,223.0,LongBuildUp,172.05,6.9,2.28,123.0,0.03453847345151928,0.02436300219370148,83.193033719508,1.4784891775278253,1.4784891775278253,118.65,103.32,51.94,70.37,199348.64,207866.2,892325.4,848820.39,2444897.89,2346395.64,14.87,14.72
2022-08-16,MINDTREE,3534.8,3578.4,3579.3,3516.05,3536.99,2773600,2022-08-25,399083.0,35976.0,80435.0,-57.88,20.150000000000002,-0.84,14.0,38.0,53.21,-2.79,3528.4,604.5500000000002,3542.65,14.25,-6000,1450600,81.0,ShortCovering,12.35,101.6,1.79,-94.69999999999982,-0.026485502564828067,0.02566779569162323,88.26959324799984,-1.072849624829847,1.072849624829847,108.52,99.74,56.67,71.6,188023.53,202852.47,845349.91,831125.64,2476202.87,2363203.83,14.51,14.58
2022-08-17,MINDTREE,3528.4,3545.0,3597.25,3522.35,3565.67,2662000,2022-08-25,460578.0,35114.0,95987.0,19.33,20.84,-0.75,151.0,105.0,53.66,0.45,3558.65,30.25,3572.9,14.25,-111600,1339000,222.0,ShortCovering,42.6,38.6,2.12,30.25,0.008536749058702497,0.024294447450502712,90.56625031832341,0.334009632657606,0.334009632657606,102.24,97.49,54.95,70.3,179258.14,198648.43,808704.94,816548.46,2493897.84,2374958.34,14.38,14.52
2022-08-18,MINDTREE,3558.65,3548.65,3548.65,3476.85,3514.49,2606600,2022-08-25,447708.0,37233.0,88180.0,-8.13,19.7,-0.79,99.0,144.0,53.29,-0.37,3533.35,-28.40000000000009,3544.5,11.150000000000091,-55400,1283600,131.0,LongUnwinding,56.5,63.9,2.02,-25.300000000000182,-0.0071348300412577,0.024606395570804206,86.45543541973147,-0.29263631461887285,0.29263631461887285,97.89,95.88,55.8,70.05,170584.03,194303.19,774324.26,802040.24,2504631.39,2384069.89,14.15,14.42
2022-08-19,MINDTREE,3533.35,3530.0,3619.5,3502.0,3575.6,2467800,2022-08-25,923320.0,61016.0,223433.0,153.38,24.2,0.05,211.0,199.0,52.26,-1.03,3520.7,-27.800000000000185,3516.7,-4.0,-138800,1144800,192.0,LongUnwinding,43.85,98.8,3.33,-12.650000000000091,-0.0035865959443022177,0.02474108464117853,86.94300779010103,-0.1454976118440702,0.1454976118440702,92.74,93.83,59.9,71.18,175617.26,195448.86,788514.34,806810.17,2501123.63,2387363.0,14.25,14.45
2022-08-22,MINDTREE,3520.7,3495.0,3495.0,3370.65,3418.73,1673200,2022-08-25,513326.0,43811.0,157452.0,-29.53,30.67,-0.36,60.0,43.0,53.27,1.01,3381.6,-139.29999999999973,3377.4,-4.199999999999818,-794600,350200,212.0,LongUnwinding,10.95,237.9,3.53,-139.0999999999999,-0.040310863205172964,0.02475902169413082,87.10593669619725,-1.5969060809844038,1.5969060809844038,84.95,90.57,76.85,77.73,173887.24,193954.62,762305.92,795268.76,2422273.73,2359278.18,14.0,14.34
2022-08-23,MINDTREE,3381.6,3317.0,3370.0,3276.0,3320.76,927600,2022-08-25,653820.0,47369.0,129934.0,-17.48,19.869999999999997,-0.53,81.0,149.0,53.02,-0.25,3331.75,-34.34999999999991,3343.05,11.300000000000182,-745600,-395400,155.0,LongUnwinding,55.75,163.25,2.78,-49.84999999999991,-0.014851278792745504,0.02526051378245692,83.72510776087279,-0.5954008460923866,0.5954008460923866,82.17,89.2,85.08,81.1,169701.21,191437.25,751973.92,789706.83,2279923.8,2302982.89,13.99,14.32
2022-08-24,MINDTREE,3331.75,3350.0,3366.65,3307.05,3331.69,570200,2022-08-25,328959.0,27166.0,71652.0,-44.86,21.78,-0.9,32.0,19.0,55.58,2.56,3331.45,-5.400000000000091,3337.65,6.200000000000273,-357400,-752800,130.0,LongUnwinding,55.45,38.55,1.79,-0.3000000000001819,-9.004682440938439e-05,0.023608060159553055,84.16171679470085,-0.0035645660690594547,0.0035645660690594547,79.63,87.88,80.65,79.42,160363.19,186727.65,711686.77,771591.59,2117092.91,2234854.99,13.81,14.23
2022-08-25,MINDTREE,3331.45,3360.0,3379.8,3291.25,3335.56,2491400,2022-09-29,428817.0,28902.0,130395.0,81.98,30.409999999999997,-0.53,186.0,147.0,69.51,13.93,3301.75,-19.90000000000009,3317.75,16.0,398000,398000,38.0,ShortBuildUp,10.5,78.05,2.66,-29.699999999999818,-0.008955013711512194,0.023388304634397745,78.64907201854302,-0.37762683319388024,0.37762683319388024,73.04,84.83,80.4,79.37,157509.08,184513.04,684746.79,758116.07,2152741.21,2244940.56,13.9,14.26
2022-08-26,MINDTREE,3301.75,3344.05,3383.95,3310.1,3349.76,2500000,2022-09-29,395154.0,27435.0,77295.0,-40.72,19.56,-0.86,41.0,98.0,68.24,-1.27,3319.3,25.5,3343.25,23.949999999999818,8600,406600,106.0,LongBuildUp,28.05,64.65,2.24,17.550000000000182,0.0053012863825383505,0.02227003376273873,77.22233482662276,0.22726585565436358,0.22726585565436358,68.76,82.6,78.9,78.79,149869.64,180298.38,657166.51,743848.31,2185813.49,2254966.75,13.95,14.26
2022-08-29,MINDTREE,3319.3,3155.0,3250.0,3125.6,3176.64,2502800,2022-09-29,665429.0,57446.0,195717.0,153.21,29.410000000000004,-0.12,210.0,214.0,66.36,-1.88,3176.6,-154.0999999999999,3189.15,12.550000000000182,2800,409400,122.0,ShortBuildUp,51.0,207.35,3.75,-142.70000000000027,-0.04394247490539804,0.024038098649604746,73.92092306865868,-1.9304412617718358,1.9304412617718358,67.07,81.36,91.13,83.84,154236.05,180904.42,657953.42,740766.0,2216002.69,2264707.97,13.73,14.16
2022-08-30,MINDTREE,3176.6,3216.8,3329.9,3201.0,3279.69,2474800,2022-09-29,997448.0,55419.0,450310.0,130.08,45.15,1.47,203.0,103.0,66.31,-0.05,3306.5,139.0,3328.15,21.65000000000009,-28000,381400,5.0,ShortCovering,180.9,23.4,4.06,129.9000000000001,0.04007878571366241,0.025491727851186568,76.35942417033444,1.7011652642931547,1.7011652642931547,77.91,85.27,84.68,81.47,182433.58,191492.6,690286.24,750854.12,2240650.06,2272965.02,14.13,14.31
2022-09-01,MINDTREE,3306.5,3240.4,3273.9,3202.0,3236.01,2555800,2022-09-29,451072.0,34187.0,124558.0,-72.34,27.61,-0.57,5.0,25.0,64.5,-1.81,3227.05,-83.59999999999991,3244.55,17.5,81000,462400,14.0,ShortBuildUp,26.05,102.85,2.17,-79.44999999999982,-0.02432182091566837,0.026117786598898976,84.28839813994838,-0.9425971041481281,0.9425971041481281,72.97,82.94,86.41,82.31,176921.62,188862.16,667503.93,739073.09,2270664.34,2284080.04,14.04,14.26
2022-09-02,MINDTREE,3227.05,3267.0,3269.9,3203.0,3235.43,2644800,2022-09-29,362440.0,26608.0,81004.0,-34.97,22.350000000000005,-0.84,51.0,51.0,62.17,-2.33,3210.3,-18.100000000000364,3226.45,16.149999999999636,89000,551400,162.0,ShortBuildUp,8.3,63.6,2.07,-16.75,-0.005204016497982522,0.025833500994045237,84.28340324397695,-0.19873426268174554,0.19873426268174554,66.81,80.01,84.24,81.57,167786.61,184623.84,638450.22,724273.16,2306296.32,2298254.67,14.0,14.24
2022-09-05,MINDTREE,3210.3,3217.0,3249.4,3186.0,3211.71,2721400,2022-09-29,308821.0,25403.0,70457.0,-13.02,22.81,-0.91,89.0,100.0,60.49,-1.68,3203.65,-4.699999999999818,3221.75,18.09999999999991,76600,628000,151.0,ShortBuildUp,17.65,66.25,1.97,-6.650000000000091,-0.002073605931705913,0.02225286408500579,82.93328824118343,-0.08018493105760878,0.08018493105760878,62.13,77.56,82.53,80.97,158517.12,180137.97,607056.95,707949.11,2345830.01,2314880.99,13.83,14.16
2022-09-06,MINDTREE,3203.65,3224.0,3234.0,3165.05,3192.85,2734200,2022-09-29,364272.0,31929.0,102857.0,45.99,28.24,-0.7,169.0,172.0,59.21,-1.28,3187.15,-22.84999999999991,3198.9,11.75,12800,640800,116.0,ShortBuildUp,22.1,62.25,2.15,-16.5,-0.005163684253139067,0.021317619945464276,71.2903880259288,-0.23144775132937748,0.23144775132937748,58.32,75.38,80.6,80.24,153216.15,177101.66,583934.57,694446.3,2382817.63,2331355.71,13.6,14.05
2022-09-07,MINDTREE,3187.15,3158.0,3225.0,3151.0,3188.32,2796200,2022-09-29,380110.0,28913.0,101730.0,-1.1,26.76,-0.71,106.0,87.0,57.53,-1.68,3211.0,30.049999999999727,3228.95,17.949999999999818,62000,702800,211.0,LongBuildUp,60.0,23.0,2.32,23.84999999999991,0.0074553145732938475,0.021404445288554227,67.94245240918647,0.35103236863400533,0.35103236863400533,58.48,74.78,75.11,77.99,148312.71,174140.58,564522.71,682097.18,2422187.39,2349617.74,13.55,14.01
2022-09-08,MINDTREE,3211.0,3267.9,3270.0,3199.35,3234.32,2812600,2022-09-29,414410.0,25527.0,103403.0,1.64,24.95,-0.7,137.0,79.0,56.18,-1.35,3211.65,-1.3999999999996362,3227.55,15.900000000000091,16400,719200,117.0,ShortBuildUp,60.65,58.35,2.2,0.650000000000091,0.00020240866378173905,0.021045516574814283,68.72967382154762,0.009457341550721978,0.009457341550721978,58.68,74.22,73.51,77.22,144035.59,171361.76,550226.26,671581.47,2459369.54,2367805.34,13.81,14.1
2022-09-09,MINDTREE,3211.65,3232.0,3319.0,3206.0,3274.49,2853200,2022-09-29,611534.0,35684.0,136900.0,32.39,22.39,-0.49,163.0,181.0,55.93,-0.25,3309.45,93.84999999999992,3321.4,11.950000000000273,40600,759800,189.0,LongBuildUp,110.1,9.55,3.52,97.79999999999973,0.029997188669193875,0.021212791586956655,67.5908333075023,1.4469417702702645,1.4469417702702645,63.58,75.63,67.42,74.56,143356.01,170008.07,556065.09,669222.75,2496877.21,2386872.07,14.13,14.22
2022-09-12,MINDTREE,3309.45,3345.0,3408.75,3329.0,3383.55,2825600,2022-09-29,696388.0,45428.0,135631.0,-0.93,19.48,-0.5,107.0,174.0,56.42,0.49,3392.45,84.65000000000009,3406.05,13.600000000000364,-27600,732200,66.0,ShortCovering,186.45,16.3,2.41,83.0,0.024770361784407058,0.022066728522687238,70.2026731174537,1.1822911623484127,1.1822911623484127,75.28,79.98,62.55,72.27,142620.3,168657.79,569429.18,670289.76,2528184.15,2404104.58,14.24,14.26
2022-09-13,MINDTREE,3392.45,3416.0,3424.55,3348.0,3376.0,2801000,2022-09-29,436676.0,26333.0,123237.0,-9.14,28.22,-0.57,97.0,20.0,56.23,-0.19,3371.75,-18.950000000000273,3387.1,15.349999999999909,-24600,707600,153.0,LongUnwinding,42.75,52.8,2.26,-20.699999999999818,-0.006120476809929443,0.022036028757558786,74.86027317679032,-0.2765151544546814,0.2765151544546814,72.18,78.52,61.62,71.5,140774.27,166873.85,556786.02,661114.38,2554166.61,2419692.99,14.46,14.36
2022-09-14,MINDTREE,3371.75,3244.4,3288.0,3204.05,3266.42,2751400,2022-09-29,715473.0,46711.0,221201.0,79.49,30.92,0.04,185.0,202.0,55.38,-0.85,3276.5,-103.4499999999998,3283.65,7.150000000000091,-49600,658000,186.0,LongUnwinding,72.45,148.05,2.49,-95.25,-0.02865611791741607,0.02112460489792838,74.29997996329884,-1.2819653524408703,1.2819653524408703,72.21,78.28,69.86,74.51,148433.96,169007.47,571899.06,663249.23,2572950.74,2432720.29,14.55,14.39
2022-09-15,MINDTREE,3276.5,3292.9,3309.0,3215.6,3253.59,2764600,2022-09-29,368062.0,25018.0,87899.0,-60.26,23.880000000000003,-0.8,12.0,15.0,54.53,-0.85,3266.15,-9.25,3274.4,8.25,13200,671200,87.0,ShortBuildUp,62.1,42.85,2.85,-10.349999999999909,-0.003163858263432573,0.020531620429366418,69.21476794806233,-0.14953456186931646,0.14953456186931646,71.25,77.65,67.28,73.27,142668.72,165822.24,552486.01,651656.86,2591203.06,2445753.62,14.56,14.41
2022-09-16,MINDTREE,3266.15,3246.0,3250.0,3096.9,3160.31,2681800,2022-09-29,659935.0,54035.0,249435.0,183.77,37.8,0.22,215.0,215.0,53.18,-1.35,3111.05,-159.05000000000018,3115.35,4.299999999999727,-82800,588400,8.0,LongUnwinding,14.15,197.95,4.69,-155.0999999999999,-0.04865163144506468,0.022526281359181267,67.05935206537512,-2.3128765074973483,2.3128765074973483,65.81,75.15,79.73,78.16,152836.94,169105.64,562719.25,651981.94,2599831.34,2455022.94,14.34,14.32
2022-09-19,MINDTREE,3111.05,3110.0,3129.6,3036.05,3098.39,2599200,2022-09-29,588676.0,39003.0,158728.0,-36.36,26.96,-0.35,48.0,44.0,52.74,-0.44,3112.15,-1.75,3113.6,1.449999999999818,-82600,505800,158.0,LongUnwinding,76.1,137.85,3.01,1.099999999999909,0.0003535158797589588,0.022573304743122413,70.08038762248088,0.01569626021370697,0.01569626021370697,66.79,75.19,85.26,80.51,153397.99,168698.14,565191.32,649496.1,2599771.21,2460684.34,14.41,14.35
2022-09-20,MINDTREE,3112.15,3155.0,3206.9,3121.25,3166.21,2609200,2022-09-29,525609.0,30525.0,97720.0,-38.44,18.59,-0.73,46.0,54.0,52.85,0.11,3132.55,25.25,3138.85,6.299999999999727,10000,515800,94.0,LongBuildUp,96.5,74.35,2.75,20.40000000000009,0.00653356368396274,0.02273584097387909,70.25151035630842,0.29038521586985666,0.29038521586985666,69.62,76.03,84.22,80.27,148095.33,165911.18,561421.57,644631.68,2600669.19,2466515.8,14.68,14.46
2022-09-21,MINDTREE,3132.55,3125.0,3189.85,3116.0,3162.26,2531600,2022-09-29,401513.0,28422.0,72890.0,-25.41,18.15,-0.89,67.0,95.0,54.68,1.83,3152.35,15.599999999999907,3154.45,2.099999999999909,-77600,438200,6.0,ShortCovering,36.35,54.55,2.36,19.799999999999727,0.006300837087579225,0.02141051097634012,71.22115864272494,0.27800727167785616,0.27800727167785616,66.45,74.47,81.4,79.26,140932.92,162258.89,546192.18,635086.11,2594091.17,2469071.2,14.62,14.45
2022-09-22,MINDTREE,3152.35,3120.0,3190.0,3110.4,3158.62,2501000,2022-09-29,339234.0,26835.0,62126.0,-14.77,18.310000000000002,-0.96,87.0,97.0,54.77,0.09,3168.15,20.800000000000182,3175.25,7.099999999999909,-30600,407600,127.0,LongBuildUp,57.75,21.85,2.53,15.800000000000182,0.004999614875904612,0.02131500581075674,67.49342427626577,0.2340968793541609,0.2340968793541609,65.62,73.81,75.73,77.0,133427.49,158327.56,526481.88,623470.61,2585225.35,2470324.76,14.44,14.38
2022-09-23,MINDTREE,3168.15,3160.0,3237.55,3130.0,3195.66,2473600,2022-09-29,658513.0,43141.0,148172.0,138.5,22.5,-0.42,204.0,198.0,55.07,0.3,3148.2,-29.34999999999991,3145.9,-2.299999999999727,-27400,380200,52.0,ShortBuildUp,37.8,89.35,3.39,-19.950000000000273,-0.00631696037753926,0.021324609581011223,67.52913565934897,-0.295428037175511,0.295428037175511,62.97,72.4,77.02,77.49,134831.73,157928.86,539056.27,624846.36,2574594.36,2470453.34,14.51,14.41
2022-09-26,MINDTREE,3148.2,3119.9,3199.0,3050.0,3134.48,2119200,2022-09-29,571256.0,42695.0,117712.0,-20.56,20.61,-0.61,74.0,110.0,58.05,2.98,3136.0,-3.450000000000273,3142.45,6.449999999999818,-354400,25800,7.0,ShortBuildUp,86.0,101.55,4.73,-12.199999999999818,-0.0038827584504215196,0.021278825792645353,67.13413588293953,-0.18172573221576452,0.18172573221576452,65.16,72.93,79.36,78.43,133201.28,156350.04,542122.91,622742.52,2531223.47,2456663.96,14.41,14.37
2022-09-27,MINDTREE,3136.0,3171.8,3264.35,3117.8,3204.8,1187200,2022-10-27,845309.0,49083.0,188950.0,60.52,26.3,-0.16,178.0,162.0,59.17,1.12,3248.0,108.0,3257.9,9.900000000000091,711600,1019200,198.0,LongBuildUp,198.0,16.35,4.67,112.0,0.03509131981126856,0.022762833921054083,66.73039768573582,1.6783955121541398,1.6783955121541398,77.82,77.84,73.36,75.99,138510.68,157629.78,570997.78,631479.6,2403221.23,2406829.87,14.67,14.48
2022-09-28,MINDTREE,3248.0,3230.0,3268.0,3170.35,3228.58,1837800,2022-10-27,666264.0,38682.0,188417.0,-0.28,28.28,-0.17,108.0,56.0,61.42,2.25,3191.5,-51.5,3206.4,14.900000000000091,650600,1669800,59.0,ShortBuildUp,73.7,76.5,3.01,-56.5,-0.017548396585455706,0.020930059481850907,73.93368457558367,-0.7641983532179988,0.7641983532179988,77.42,77.68,73.66,76.01,143263.67,158838.32,580070.75,632845.04,2349371.58,2384492.93,14.92,14.59
2022-09-29,MINDTREE,3191.5,3225.0,3248.65,3055.0,3108.77,154600,2022-09-29,1781719.0,68091.0,1025836.0,444.45,57.58,5.08,224.0,201.0,69.97,8.55,3089.2,-109.6999999999998,3088.8,-0.3999999999996362,-445800,-1938800,137.0,ShortBuildUp,34.2,178.8,6.07,-102.30000000000018,-0.032578868001003514,0.019996769340290786,66.79828483632717,-1.5314764480953555,1.5314764480953555,73.31,75.97,83.67,80.05,227318.18,192870.5,694513.45,677941.68,2140345.71,2296963.15,15.99,15.05
2022-09-30,MINDTREE,3089.2,3070.0,3176.0,2991.45,3071.59,2558200,2022-10-27,974731.0,59804.0,280977.0,-72.61,28.83,0.41,4.0,77.0,67.5,-2.47,3159.15,65.25,3171.1,11.949999999999818,72400,2390200,110.0,LongBuildUp,167.7,89.5,5.97,69.95000000000027,0.02239084636049249,0.02013172748113719,61.77401984602629,1.1323530535061967,1.1323530535061967,82.3,79.57,84.23,80.42,232428.54,196328.8,721200.83,689591.09,2180141.36,2307217.07,16.02,15.1
2022-10-03,MINDTREE,3159.15,3140.0,3179.3,3088.0,3129.0,2617600,2022-10-27,484170.0,32826.0,93908.0,-66.58,19.400000000000002,-0.76,8.0,17.0,65.56,-1.94,3119.65,-40.19999999999982,3130.9,11.25,59400,2449600,148.0,ShortBuildUp,128.2,59.65,2.89,-39.5,-0.012582188031842634,0.02027242412766832,63.59914687203456,-0.6210775134999288,0.6210775134999288,86.67,81.48,81.89,79.6,219236.11,192308.78,698626.47,681528.3,2221804.09,2319399.62,15.9,15.08
2022-10-04,MINDTREE,3119.65,3170.0,3255.0,3158.0,3225.93,2595800,2022-10-27,668584.0,37944.0,181952.0,93.76,27.21,-0.21,193.0,165.0,65.63,0.07,3246.5,132.8499999999999,3263.75,17.25,-21800,2427800,83.0,ShortCovering,158.5,8.5,3.11,126.84999999999991,0.03985667692478323,0.022174694140456915,63.24286792988048,2.0057597663129827,2.0057597663129827,93.51,84.51,74.9,76.81,215685.24,191902.29,695765.28,681020.26,2257422.75,2330247.97,16.06,15.18
2022-10-06,MINDTREE,3246.5,3269.0,3309.95,3249.0,3284.21,2635600,2022-10-27,552995.0,43439.0,181665.0,-0.16,32.85,-0.21,109.0,161.0,64.18,-1.45,3302.45,48.19999999999982,3311.95,9.5,39800,2467600,28.0,LongBuildUp,144.45,7.5,1.88,55.94999999999982,0.017087124287906263,0.022414186442106222,71.99014452699338,0.777189716281523,0.777189716281523,98.36,86.86,68.48,74.09,212445.22,191500.51,682168.11,675995.6,2293439.63,2342232.24,15.74,15.09
2022-10-07,MINDTREE,3302.45,3296.4,3316.8,3250.0,3281.44,2628600,2022-10-27,417784.0,30299.0,89027.0,-50.99,21.310000000000002,-0.79,23.0,36.0,63.11,-1.07,3277.0,-27.149999999999643,3284.8,7.800000000000182,-7000,2460600,89.0,LongUnwinding,28.0,39.8,2.02,-25.449999999999818,-0.007736247537632579,0.022463981639908318,74.0217300157337,-0.34381795716731145,0.34381795716731145,91.66,84.55,65.75,72.75,200691.1,187478.81,656988.67,665861.79,2325359.67,2353471.08,15.56,15.03
2022-10-10,MINDTREE,3277.0,3230.0,3356.7,3195.5,3287.15,2565800,2022-10-27,675466.0,45931.0,199161.0,123.71,29.48,-0.1,198.0,193.0,62.34,-0.77,3348.0,71.84999999999991,3356.65,8.650000000000091,-62800,2397800,215.0,ShortCovering,152.5,8.7,4.92,71.0,0.0214347829105499,0.022901319687508657,73.61446783397956,0.9644843206653902,0.9644843206653902,97.45,87.22,60.31,70.23,200545.38,187937.28,658748.42,666238.7,2348258.75,2361803.92,15.48,15.02
2022-10-12,MINDTREE,3310.4,3322.0,3355.0,3277.0,3321.37,2581800,2022-10-27,476244.0,27391.0,132204.0,-33.62,27.76,-0.52,55.0,21.0,60.01,-2.33,3346.1,33.05000000000018,3350.25,4.150000000000091,-39200,2358600,136.0,ShortCovering,150.6,10.6,2.36,-1.900000000000091,-0.0005676640776268727,0.021984591802218824,76.67361831377899,-0.024780361769605474,0.024780361769605474,102.52,89.7,55.58,67.89,194036.68,185750.1,641367.04,658782.59,2370500.77,2370437.4,15.66,15.11
2022-10-13,MINDTREE,3346.1,3345.9,3348.0,3273.5,3309.54,2667000,2022-10-27,413243.0,27405.0,99755.0,-24.54,24.14,-0.72,68.0,136.0,55.8,-4.21,3323.65,-27.300000000000185,3322.95,-0.7000000000002728,85200,2443800,21.0,ShortBuildUp,50.15,31.35,2.23,-22.449999999999818,-0.006731911925800915,0.021311944234749327,73.56264262940441,-0.30518207608580555,0.30518207608580555,97.53,88.15,53.27,66.46,185057.47,182375.41,619640.94,649146.95,2398738.79,2382075.32,15.6,15.11
2022-10-14,MINDTREE,3323.65,3450.0,3472.05,3343.0,3413.99,2495400,2022-10-27,2344646.0,111371.0,461979.0,363.11,19.7,1.55,221.0,224.0,55.54,-0.26,3379.75,59.85000000000037,3382.8,3.050000000000182,-171600,2272200,23.0,ShortCovering,106.25,92.3,3.88,56.09999999999991,0.016738165638576774,0.021617594566512886,70.83344345582461,0.7919987687029046,0.7919987687029046,98.36,88.86,56.99,67.47,211430.95,193347.52,783927.14,715681.12,2407944.62,2386522.37,16.12,15.35
2022-10-17,MINDTREE,3379.75,3380.0,3384.8,3302.0,3326.69,94800,2022-11-24,582283.0,27484.0,150766.0,-67.37,25.89,-0.4,6.0,1.0,54.21,-1.33,3331.25,-13.350000000000366,3346.45,15.199999999999818,12000,12000,98.0,ShortBuildUp,29.25,140.8,2.45,-48.5,-0.014454133330358943,0.020882225460015093,73.06206523617192,-0.6638191767947504,0.6638191767947504,91.78,86.52,64.97,70.35,205653.33,191676.59,764722.94,710446.5,2187645.13,2296593.74,16.6,15.58
2022-10-18,MINDTREE,3331.25,3363.5,3455.0,3352.0,3412.8,2478000,2022-10-27,747408.0,42752.0,157605.0,4.54,21.09,-0.36,142.0,197.0,56.51,2.3,3420.1,89.5,3432.05,11.950000000000273,-62000,2254800,32.0,LongBuildUp,118.1,34.9,3.09,88.84999999999991,0.026322181481104323,0.021582696613203216,69.56391356367527,1.2772426887494064,1.2772426887494064,94.28,87.76,62.11,68.96,201077.3,190339.64,763073.9,711896.85,2215297.98,2303712.06,16.69,15.65
2022-10-19,MINDTREE,3420.1,3421.1,3434.3,3387.05,3407.13,2399400,2022-10-27,334522.0,22838.0,86668.0,-45.01,25.91,-0.8,31.0,14.0,57.88,1.37,3404.45,-24.300000000000185,3407.75,3.300000000000182,-78600,2176200,15.0,ShortBuildUp,52.45,50.55,1.38,-15.650000000000091,-0.004586391024497871,0.018281896723392387,73.81498068681631,-0.21201658327867381,0.21201658327867381,90.3,86.38,61.01,68.24,190181.18,186271.7,722259.43,697089.15,2232831.5,2307466.73,16.49,15.61
2022-10-20,MINDTREE,3404.45,3390.0,3463.0,3370.1,3425.42,706200,2022-11-24,379004.0,25647.0,93013.0,7.32,24.54,-0.76,145.0,155.0,55.61,-2.27,3456.7,55.9000000000001,3474.3,17.600000000000364,547200,623400,220.0,LongBuildUp,86.6,6.3,2.73,52.25,0.01523097733974943,0.018409477416941496,62.23980329995321,0.8394949410137239,0.8394949410137239,89.95,86.38,55.8,65.81,180927.07,182612.43,689568.44,684608.19,2087438.03,2244636.54,16.33,15.58
2022-10-21,MINDTREE,3456.7,3441.65,3469.95,3420.5,3442.47,1354600,2022-10-27,349439.0,25903.0,88818.0,-4.51,30.95,-0.79,105.0,139.0,56.32,0.71,3436.45,-15.699999999999818,3444.4,7.950000000000273,-643400,1131400,179.0,ShortBuildUp,66.35,33.5,1.43,-20.25,-0.005875414941881374,0.018556357631328426,63.636040587141665,-0.31821590113341724,0.31821590113341724,87.7,85.6,53.67,64.54,172154.77,178932.22,657175.16,671457.18,2017643.93,2209714.23,16.06,15.5
2022-10-25,MINDTREE,3422.8,3422.0,3485.0,3397.0,3458.28,2219200,2022-11-24,520462.0,32488.0,243739.0,174.43,46.83,0.18,214.0,171.0,59.54,2.47,3465.35,27.800000000000185,3486.05,20.700000000000273,846200,2115400,171.0,LongBuildUp,68.35,19.65,2.57,28.90000000000009,0.008374675855206348,0.01857243979110682,63.767995182178566,0.453205403705037,0.453205403705037,85.86,84.92,50.43,62.78,178972.32,181474.99,644154.86,665532.71,2036839.74,2210086.42,16.06,15.52
2022-10-27,MINDTREE,3465.35,3455.25,3470.0,3345.9,3383.19,2618600,2022-11-24,647362.0,37467.0,255194.0,4.7,39.42000000000001,0.25,143.0,164.0,69.66,10.12,3358.7,-106.20000000000029,3379.85,21.15000000000009,399400,2514800,76.0,ShortBuildUp,12.8,126.3,3.58,-106.65000000000009,-0.03125964329544928,0.020143457716211524,64.36000423011201,-1.6570850371402233,1.6570850371402233,78.9,82.09,57.66,65.27,186231.53,184367.38,644460.3,664819.78,2092245.48,2226114.57,16.17,15.59
2022-10-28,MINDTREE,3358.7,3358.7,3368.5,3274.0,3302.99,2681200,2022-11-24,499305.0,45748.0,143943.0,-43.59,43.44,-0.45,36.0,169.0,67.02,-2.64,3283.35,-82.25,3297.6,14.25,62600,2577400,92.0,ShortBuildUp,9.35,186.65,2.81,-75.34999999999991,-0.022689751701113536,0.020818749955173507,67.65583143143964,-1.113725135081036,1.113725135081036,72.28,79.24,69.94,70.03,182204.05,182781.34,630635.98,658325.88,2148336.39,2243969.64,15.67,15.4
2022-10-31,MINDTREE,3283.35,3320.0,3412.55,3319.95,3385.0,2640400,2022-11-24,550939.0,39072.0,122178.0,-15.12,22.18,-0.58,86.0,69.0,66.5,-0.52,3403.75,123.65000000000008,3421.25,17.5,-40800,2536600,67.0,ShortCovering,129.75,8.8,2.82,120.40000000000009,0.03601352236069566,0.022039506736670093,68.35524266531894,1.7613864760820583,1.7613864760820583,77.75,81.22,64.12,67.63,176487.28,180403.65,623045.79,654112.69,2195199.59,2259523.1,15.52,15.35
2022-11-01,MINDTREE,3403.75,3396.0,3519.8,3396.0,3465.91,2581200,2022-11-24,508109.0,30469.0,182586.0,49.44,35.93,-0.2,172.0,52.0,66.01,-0.49,3508.7,102.5500000000002,3523.8,15.100000000000364,-59200,2477400,174.0,ShortCovering,188.75,11.1,3.64,104.94999999999982,0.03036783349752703,0.021727167121262037,75.01697105494083,1.3990167627954038,1.3990167627954038,88.32,85.44,59.07,65.41,177068.11,180489.27,612099.43,648384.52,2231961.53,2272143.48,15.63,15.4
2022-11-03,MINDTREE,3501.25,3450.0,3506.9,3435.3,3480.24,2536400,2022-11-24,284542.0,18755.0,59620.0,-67.35,20.95,-0.97,7.0,23.0,65.15,-0.82,3497.95,-11.75,3512.05,14.100000000000364,-1200,2476200,105.0,LongUnwinding,101.95,21.85,2.04,-10.75,-0.003068515891325063,0.021244306452445506,76.23411127837211,-0.14101299037573767,0.14101299037573767,89.62,86.09,55.53,63.7,165882.58,175747.27,580903.49,634110.1,2260955.67,2282510.9,15.59,15.39
2022-11-04,MINDTREE,3497.95,3482.0,3485.0,3428.3,3459.74,2528200,2022-11-24,256183.0,19435.0,72361.0,21.37,28.250000000000004,-0.89,155.0,142.0,64.79,-0.36,3468.6,-25.800000000000185,3486.25,17.65000000000009,-8200,2468000,214.0,LongUnwinding,40.3,38.3,1.62,-29.34999999999991,-0.008426028277686015,0.019745055945888514,74.31152175533175,-0.3949589418533753,0.3949589418533753,84.92,84.29,53.88,62.71,156975.76,171691.25,549977.73,619283.36,2286407.51,2292149.71,15.36,15.31
2022-11-11,MINDTREE,3479.8,3550.0,3678.0,3535.25,3640.69,2517000,2022-11-24,1279876.0,72595.0,395882.0,447.09,30.930000000000003,1.13,225.0,223.0,59.77,-5.02,3664.4,179.69999999999982,3679.45,15.049999999999727,-800,2467200,109.0,ShortCovering,236.1,13.6,4.1,195.80000000000018,0.05491355682456778,0.0222512089073517,68.48770105390889,2.8589074678660866,2.8589074678660866,99.32,90.25,50.05,60.78,179728.74,180486.5,619491.85,645199.15,2308368.7,2300970.84,15.58,15.4
2022-11-15,MINDTREE,3766.75,3785.6,3900.0,3683.0,3768.68,2459000,2022-11-24,1639217.0,102229.0,270311.0,-31.72,16.49,0.35,57.0,183.0,42.14,-17.63,3711.35,-48.0,3729.95,18.59999999999991,-11000,2456200,218.0,LongUnwinding,176.1,188.65,5.76,46.94999999999982,0.012731080673264117,0.021815033982520386,81.53732992009957,0.5758098780767935,0.5758098780767935,106.63,93.61,63.25,65.8,188355.62,184010.36,716608.53,684194.97,2322714.54,2307170.4,15.62,15.42
2022-11-16,MINDTREE,3711.35,3712.0,3758.0,3612.05,3682.49,2484200,2022-11-24,726508.0,52545.0,158607.0,-41.32,24.850000000000005,-0.35,40.0,13.0,38.43,-3.71,3633.25,-82.4499999999998,3647.5,14.25,25200,2481400,19.0,ShortBuildUp,21.2,266.75,3.93,-78.09999999999991,-0.021268127308037066,0.02146486556187769,80.96322637102703,-0.9646354709494168,0.9646354709494168,98.5,90.77,82.63,73.68,185522.42,183013.79,717551.34,685854.91,2338094.11,2314115.26,15.45,15.36
2022-11-17,MINDTREE,3633.25,3620.0,3620.0,3482.2,3531.02,2351800,2022-11-24,890088.0,47342.0,333174.0,110.06,37.43,0.74,195.0,85.0,32.65,-5.78,3540.6,-101.5500000000002,3545.95,5.349999999999909,-132400,2349000,11.0,LongUnwinding,58.4,217.4,3.79,-92.65000000000009,-0.02583136021510235,0.022318635584910113,77.98722280269212,-1.1880151218412385,1.1880151218412385,94.68,89.5,95.46,79.32,199584.47,188904.48,733983.4,693866.84,2339399.43,2315593.61,15.77,15.5
2022-11-18,MINDTREE,3540.6,3540.2,3580.0,3461.0,3504.9,2114400,2022-11-24,745188.0,45374.0,267729.0,-19.64,35.93,0.33,78.0,101.0,26.7,-5.95,3506.15,-33.94999999999982,3512.0,5.849999999999909,-237400,2111600,182.0,LongUnwinding,45.15,113.85,3.36,-34.44999999999982,-0.009777634925997702,0.02237355770586926,79.02136115193275,-0.4359580687779284,0.4359580687779284,89.96,87.76,97.22,80.67,206074.43,191996.68,735050.5,695880.11,2317970.91,2307701.02,15.83,15.53
2022-11-21,MINDTREE,3506.15,3506.25,3509.0,3413.05,3446.53,1705600,2022-11-24,988507.0,48253.0,605561.0,126.18,61.260000000000005,2.44,200.0,145.0,44.73,18.03,3429.0,-79.9499999999998,3432.05,3.050000000000182,-408800,1702800,180.0,LongUnwinding,15.95,151.0,2.74,-77.15000000000009,-0.022249895902259453,0.02262461173322096,78.44504935043351,-0.9834909996085526,0.9834909996085526,82.91,84.95,102.34,83.43,244120.77,208220.11,759189.22,707359.37,2259649.88,2284081.61,16.27,15.73
