Date,Symbol,Expiry,Open,High,Low,Close,Settle Price,FUT_VOLUME,Number of Contracts,Open Interest,Change in OI
2024-12-12,GUJGASLTD,2024-12-26,511.75,516.65,507.5,509.45,509.45,1552500.0,1242.0,6533750,62500
2024-12-11,GUJGASLTD,2024-12-26,506.95,523.0,506.95,519.75,519.75,2295000.0,1836.0,6471250,-165000
2024-12-10,GUJGASLTD,2024-12-26,505.15,517.95,505.0,510.35,510.35,5641250.0,4513.0,6636250,262500
2024-12-09,GUJGASLTD,2024-12-26,516.55,522.35,503.75,505.25,505.25,2726250.0,2181.0,6373750,53750
2024-12-06,GUJGASLTD,2024-12-26,505.0,518.4,496.7,515.1,515.1,3065000.0,2452.0,6320000,240000
2024-12-05,GUJGASLTD,2024-12-26,500.85,504.9,493.75,502.9,502.9,2886250.0,2309.0,6080000,390000
2024-12-04,GUJGASLTD,2024-12-26,497.25,504.0,494.95,496.45,496.45,2012500.0,1610.0,5690000,-193750
2024-12-03,GUJGASLTD,2024-12-26,485.6,498.35,482.45,497.15,497.15,3405000.0,2724.0,5883750,267500
2024-12-02,GUJGASLTD,2024-12-26,477.65,484.25,476.1,482.6,482.6,1490000.0,1192.0,5616250,-100000
2024-11-29,GUJGASLTD,2024-12-26,471.45,482.55,471.45,481.0,481.0,1983750.0,1587.0,5716250,50000
2024-11-28,GUJGASLTD,2024-11-28,474.05,477.8,470.25,471.45,472.0,3327500.0,2662.0,936250,-1530000
2024-11-27,GUJGASLTD,2024-11-28,472.95,475.65,468.85,472.9,472.9,2748750.0,2199.0,2466250,-1262500
2024-11-26,GUJGASLTD,2024-11-28,465.65,475.75,465.65,474.35,474.35,2573750.0,2059.0,3728750,-1120000
2024-11-25,GUJGASLTD,2024-11-28,467.35,469.8,462.05,466.2,466.2,5118750.0,4095.0,4848750,-1476250
2024-11-22,GUJGASLTD,2024-11-28,452.3,465.25,452.3,463.1,463.1,2180000.0,1744.0,6325000,-361250
2024-11-21,GUJGASLTD,2024-11-28,450.15,459.15,442.85,452.7,452.7,2365000.0,1892.0,6686250,-406250
2024-11-19,GUJGASLTD,2024-11-28,454.85,458.3,448.5,449.9,449.9,2655000.0,2124.0,7092500,-290000
2024-11-18,GUJGASLTD,2024-11-28,479.1,482.55,441.5,452.45,452.45,11033750.0,8827.0,7382500,-93750
2024-11-14,GUJGASLTD,2024-11-28,496.65,498.4,486.1,487.75,487.75,1247500.0,998.0,7476250,56250
2024-11-13,GUJGASLTD,2024-11-28,501.9,507.7,491.7,493.55,493.55,1962500.0,1570.0,7420000,-78750
2024-11-12,GUJGASLTD,2024-11-28,520.85,524.3,503.05,504.5,504.5,2271250.0,1817.0,7498750,177500
2024-11-11,GUJGASLTD,2024-11-28,520.05,527.7,518.65,519.7,519.7,1610000.0,1288.0,7321250,17500
2024-11-08,GUJGASLTD,2024-11-28,538.3,539.0,518.15,523.4,523.4,3452500.0,2762.0,7303750,175000
2024-11-07,GUJGASLTD,2024-11-28,532.5,553.45,532.45,542.6,542.6,7030000.0,5624.0,7128750,-388750
2024-11-06,GUJGASLTD,2024-11-28,519.55,531.0,517.4,529.2,529.2,2938750.0,2351.0,7517500,257500
2024-11-05,GUJGASLTD,2024-11-28,515.35,518.0,505.6,515.3,515.3,1615000.0,1292.0,7260000,-57500
2024-11-04,GUJGASLTD,2024-11-28,525.45,525.5,509.75,516.0,516.0,1585000.0,1268.0,7317500,-142500
2024-11-01,GUJGASLTD,2024-11-28,525.0,525.75,521.15,523.55,523.55,130000.0,104.0,7460000,-13750
2024-10-31,GUJGASLTD,2024-10-31,527.0,527.0,516.85,518.35,519.15,4403750.0,3523.0,1320000,-1626250
2024-10-30,GUJGASLTD,2024-10-31,529.45,533.45,525.9,527.5,527.5,2111250.0,1689.0,2946250,-1106250
2024-10-29,GUJGASLTD,2024-10-31,528.2,532.0,520.3,530.6,530.6,3300000.0,2640.0,4052500,-1922500
2024-10-28,GUJGASLTD,2024-10-31,526.3,532.35,519.0,528.35,528.35,3403750.0,2723.0,5975000,-1155000
2024-10-25,GUJGASLTD,2024-10-31,538.0,538.0,521.45,526.85,526.85,2492500.0,1994.0,7130000,-48750
2024-10-24,GUJGASLTD,2024-10-31,536.2,545.4,534.0,538.1,538.1,1185000.0,948.0,7178750,-123750
2024-10-23,GUJGASLTD,2024-10-31,545.1,547.5,533.3,542.25,542.25,2306250.0,1845.0,7302500,-135000
2024-10-22,GUJGASLTD,2024-10-31,552.0,558.25,536.25,537.9,537.9,2093750.0,1675.0,7437500,-132500
2024-10-21,GUJGASLTD,2024-10-31,571.25,571.35,546.65,548.3,548.3,1840000.0,1472.0,7570000,41250
2024-10-18,GUJGASLTD,2024-10-31,561.25,569.3,545.25,565.75,565.75,6855000.0,5484.0,7528750,-170000
2024-10-17,GUJGASLTD,2024-10-31,591.65,591.65,569.65,571.45,571.45,1632500.0,1306.0,7698750,-11250
2024-10-16,GUJGASLTD,2024-10-31,587.95,593.0,580.4,588.45,588.45,2280000.0,1824.0,7710000,-152500
2024-10-15,GUJGASLTD,2024-10-31,593.55,595.5,585.75,587.95,587.95,2145000.0,1716.0,7862500,408750
2024-10-14,GUJGASLTD,2024-10-31,598.1,604.0,585.65,590.1,590.1,2362500.0,1890.0,7453750,303750
2024-10-11,GUJGASLTD,2024-10-31,598.3,608.3,598.3,602.95,602.95,875000.0,700.0,7150000,5000
2024-10-10,GUJGASLTD,2024-10-31,601.05,608.55,591.55,604.3,604.3,1220000.0,976.0,7145000,-123750
2024-10-09,GUJGASLTD,2024-10-31,606.05,609.6,598.55,599.9,599.9,1240000.0,992.0,7268750,-56250
2024-10-08,GUJGASLTD,2024-10-31,593.1,608.9,587.8,605.1,605.1,2061250.0,1649.0,7325000,117500
2024-10-07,GUJGASLTD,2024-10-31,613.95,622.2,595.65,600.1,600.1,3123750.0,2499.0,7207500,-53750
2024-10-04,GUJGASLTD,2024-10-31,609.55,630.85,609.05,620.25,620.25,4017500.0,3214.0,7261250,-620000
2024-10-03,GUJGASLTD,2024-10-31,615.05,622.65,608.7,613.15,613.15,2935000.0,2348.0,7881250,-566250
2024-10-01,GUJGASLTD,2024-10-31,626.0,628.5,618.8,620.45,620.45,2317500.0,1854.0,8447500,-145000
2024-09-30,GUJGASLTD,2024-10-31,614.0,625.5,610.3,623.6,623.6,4337500.0,3470.0,8592500,-173750
2024-09-27,GUJGASLTD,2024-10-31,608.65,618.7,605.3,614.75,614.75,3543750.0,2835.0,8766250,31250
2024-09-26,GUJGASLTD,2024-09-26,607.95,610.0,598.2,605.5,605.45,4121250.0,3297.0,1697500,-1027500
2024-09-25,GUJGASLTD,2024-09-26,614.75,615.8,605.05,606.85,606.85,3863750.0,3091.0,2725000,-1601250
2024-09-24,GUJGASLTD,2024-09-26,621.85,621.85,612.4,613.25,613.25,4086250.0,3269.0,4326250,-1566250
2024-09-23,GUJGASLTD,2024-09-26,613.85,624.0,611.05,618.55,618.55,4322500.0,3458.0,5892500,-1683750
2024-09-20,GUJGASLTD,2024-09-26,622.5,623.55,610.45,614.85,614.85,2388750.0,1911.0,7576250,-548750
2024-09-19,GUJGASLTD,2024-09-26,622.35,624.0,608.9,621.2,621.2,3700000.0,2960.0,8125000,-298750
2024-09-18,GUJGASLTD,2024-09-26,622.95,626.5,615.05,618.1,618.1,2332500.0,1866.0,8423750,-47500
2024-09-17,GUJGASLTD,2024-09-26,632.0,641.45,622.25,625.75,625.75,5440000.0,4352.0,8471250,508750
2024-09-16,GUJGASLTD,2024-09-26,632.0,635.25,624.4,631.5,631.5,1948750.0,1559.0,7962500,153750
2024-09-13,GUJGASLTD,2024-09-26,643.45,643.45,632.45,633.7,633.7,2078750.0,1663.0,7808750,318750
2024-09-12,GUJGASLTD,2024-09-26,648.7,651.3,638.95,641.45,641.45,2203750.0,1763.0,7490000,-96250
2024-09-11,GUJGASLTD,2024-09-26,658.75,659.55,639.15,644.35,644.35,2601250.0,2081.0,7586250,36250
2024-09-10,GUJGASLTD,2024-09-26,658.8,661.8,645.4,654.95,654.95,3678750.0,2943.0,7550000,113750
2024-09-09,GUJGASLTD,2024-09-26,663.85,665.0,642.7,654.1,654.1,4015000.0,3212.0,7436250,-281250
2024-09-06,GUJGASLTD,2024-09-26,672.55,681.2,658.75,661.95,661.95,4770000.0,3816.0,7717500,-403750
2024-09-05,GUJGASLTD,2024-09-26,658.3,678.75,658.3,675.45,675.45,6250000.0,5000.0,8121250,-283750
2024-09-04,GUJGASLTD,2024-09-26,658.0,673.2,655.3,657.2,657.2,4888750.0,3911.0,8405000,-891250
2024-09-03,GUJGASLTD,2024-09-26,659.75,673.6,658.1,668.25,668.25,6412500.0,5130.0,9296250,-116250
2024-09-02,GUJGASLTD,2024-09-26,628.7,674.0,623.15,665.6,665.6,41422500.0,33138.0,9412500,100000
2024-08-30,GUJGASLTD,2024-09-26,596.8,606.4,596.8,601.0,601.0,3175000.0,2540.0,9312500,57500
2024-08-29,GUJGASLTD,2024-09-26,595.0,606.0,590.7,598.15,598.15,7581250.0,6065.0,9255000,652500
2024-08-28,GUJGASLTD,2024-08-29,599.95,606.1,596.5,602.7,602.7,2995000.0,2396.0,2743750,-1631250
2024-08-27,GUJGASLTD,2024-08-29,599.7,607.75,598.3,601.45,601.45,4478750.0,3583.0,4375000,-2142500
2024-08-26,GUJGASLTD,2024-08-29,594.15,602.7,590.4,601.1,601.1,6107500.0,4886.0,6517500,-1955000
2024-08-23,GUJGASLTD,2024-08-29,598.35,598.35,591.4,594.15,594.15,2432500.0,1946.0,8472500,-521250
2024-08-22,GUJGASLTD,2024-08-29,600.45,602.5,591.25,596.85,596.85,2192500.0,1754.0,8993750,-210000
2024-08-21,GUJGASLTD,2024-08-29,585.75,599.95,585.7,598.45,598.45,2887500.0,2310.0,9203750,-443750
2024-08-20,GUJGASLTD,2024-08-29,596.55,597.3,585.5,589.85,589.85,2241250.0,1793.0,9647500,85000
2024-08-19,GUJGASLTD,2024-08-29,604.35,606.2,590.95,592.65,592.65,2470000.0,1976.0,9562500,296250
2024-08-16,GUJGASLTD,2024-08-29,594.95,606.75,592.0,602.25,602.25,3017500.0,2414.0,9266250,-443750
2024-08-14,GUJGASLTD,2024-08-29,593.95,597.05,584.55,588.75,588.75,2387500.0,1910.0,9710000,-95000
2024-08-13,GUJGASLTD,2024-08-29,615.95,617.75,591.9,594.85,594.85,2466250.0,1973.0,9805000,190000
2024-08-12,GUJGASLTD,2024-08-29,603.55,617.0,602.45,614.9,614.9,2463750.0,1971.0,9615000,-88750
2024-08-09,GUJGASLTD,2024-08-29,615.25,619.6,595.0,607.4,607.4,5571250.0,4457.0,9703750,640000
2024-08-08,GUJGASLTD,2024-08-29,636.0,640.9,619.2,621.6,621.6,2131250.0,1705.0,9063750,273750
2024-08-07,GUJGASLTD,2024-08-29,658.0,658.0,632.95,637.9,637.9,5212500.0,4170.0,8790000,37500
2024-08-06,GUJGASLTD,2024-08-29,641.4,665.65,640.0,643.7,643.7,3675000.0,2940.0,8752500,3750
2024-08-05,GUJGASLTD,2024-08-29,646.15,652.9,628.5,642.85,642.85,3076250.0,2461.0,8748750,-191250
2024-08-02,GUJGASLTD,2024-08-29,645.3,661.0,639.6,655.3,655.3,3106250.0,2485.0,8940000,298750
2024-08-01,GUJGASLTD,2024-08-29,668.4,678.85,651.0,654.75,654.75,4383750.0,3507.0,8641250,-50000
2024-07-31,GUJGASLTD,2024-08-29,667.45,675.55,665.75,672.0,672.0,3441250.0,2753.0,8691250,-176250
2024-07-30,GUJGASLTD,2024-08-29,664.45,676.95,664.45,667.45,667.45,5596250.0,4477.0,8867500,633750
2024-07-29,GUJGASLTD,2024-08-29,643.3,665.3,643.3,663.3,663.3,6633750.0,5307.0,8233750,1088750
2024-07-26,GUJGASLTD,2024-08-29,638.0,649.65,634.9,647.2,647.2,1817500.0,1454.0,7145000,78750
2024-07-25,GUJGASLTD,2024-08-29,636.95,646.8,631.35,641.65,641.65,4353750.0,3483.0,7066250,-245000
2024-07-24,GUJGASLTD,2024-07-25,635.4,658.3,629.7,650.3,650.3,4762500.0,3810.0,1890000,-1438750
2024-07-23,GUJGASLTD,2024-07-25,646.6,650.5,617.85,635.8,635.8,4677500.0,3742.0,3328750,-1423750
2024-07-22,GUJGASLTD,2024-07-25,619.9,646.65,613.1,643.6,643.6,7988750.0,6391.0,4752500,-2940000
2024-07-19,GUJGASLTD,2024-07-25,637.35,637.35,614.35,620.1,620.1,4115000.0,3292.0,7692500,-668750
2024-07-18,GUJGASLTD,2024-07-25,634.15,644.25,629.0,635.95,635.95,4755000.0,3804.0,8361250,-167500
2024-07-16,GUJGASLTD,2024-07-25,642.35,647.85,637.0,638.7,638.7,3537500.0,2830.0,8528750,-180000
2024-07-15,GUJGASLTD,2024-07-25,632.1,647.55,630.0,641.55,641.55,4201250.0,3361.0,8708750,2500
2024-07-12,GUJGASLTD,2024-07-25,639.95,643.3,632.0,633.25,633.25,2945000.0,2356.0,8706250,43750
2024-07-11,GUJGASLTD,2024-07-25,644.4,646.8,637.0,640.4,640.4,1260000.0,1008.0,8662500,-76250
2024-07-10,GUJGASLTD,2024-07-25,651.75,658.0,634.0,647.25,647.25,3092500.0,2474.0,8738750,-18750
2024-07-09,GUJGASLTD,2024-07-25,653.7,659.0,642.15,646.8,646.8,2137500.0,1710.0,8757500,2500
2024-07-08,GUJGASLTD,2024-07-25,641.8,653.0,637.5,651.4,651.4,3026250.0,2421.0,8755000,171250
2024-07-05,GUJGASLTD,2024-07-25,622.5,644.2,621.4,642.65,642.65,4185000.0,3348.0,8583750,-695000
2024-07-04,GUJGASLTD,2024-07-25,634.0,634.0,621.8,622.9,622.9,2811250.0,2249.0,9278750,351250
2024-07-03,GUJGASLTD,2024-07-25,646.7,650.5,630.15,633.15,633.15,4945000.0,3956.0,8927500,462500
2024-07-02,GUJGASLTD,2024-07-25,641.55,651.6,637.05,645.4,645.4,6393750.0,5115.0,8465000,381250
2024-07-01,GUJGASLTD,2024-07-25,617.15,640.8,614.6,637.45,637.45,4798750.0,3839.0,8083750,-108750
2024-06-28,GUJGASLTD,2024-07-25,616.9,631.85,611.85,617.75,617.75,4885000.0,3908.0,8192500,5000
2024-06-27,GUJGASLTD,2024-07-25,611.2,614.9,602.25,610.45,610.45,5425000.0,4340.0,8187500,-55000
2024-06-26,GUJGASLTD,2024-06-27,612.4,624.75,609.4,620.15,620.15,3887500.0,3110.0,1960000,-1602500
2024-06-25,GUJGASLTD,2024-06-27,612.45,618.65,608.95,613.2,613.2,4462500.0,3570.0,3562500,-1818750
2024-06-24,GUJGASLTD,2024-06-27,596.3,611.3,575.85,607.75,607.75,9082500.0,7266.0,5381250,-2336250
2024-06-21,GUJGASLTD,2024-06-27,606.0,612.7,596.25,600.05,600.05,4197500.0,3358.0,7717500,-272500
2024-06-20,GUJGASLTD,2024-06-27,604.95,622.1,604.1,609.3,609.3,4837500.0,3870.0,7990000,-6250
2024-06-19,GUJGASLTD,2024-06-27,618.1,622.9,608.75,610.15,610.15,2842500.0,2274.0,7996250,323750
2024-06-18,GUJGASLTD,2024-06-27,615.0,625.9,615.0,621.9,621.9,3301250.0,2641.0,7672500,120000
2024-06-14,GUJGASLTD,2024-06-27,640.0,640.6,620.3,622.25,622.25,4231250.0,3385.0,7552500,263750
2024-06-13,GUJGASLTD,2024-06-27,610.1,639.0,607.15,633.2,633.2,7522500.0,6018.0,7288750,635000
2024-06-12,GUJGASLTD,2024-06-27,613.0,613.35,599.4,604.5,604.5,5105000.0,4084.0,6653750,-401250
2024-06-11,GUJGASLTD,2024-06-27,581.65,616.9,579.3,607.0,607.0,8871250.0,7097.0,7055000,-295000
2024-06-10,GUJGASLTD,2024-06-27,588.55,595.45,575.9,581.6,581.6,3738750.0,2991.0,7350000,42500
2024-06-07,GUJGASLTD,2024-06-27,569.95,588.0,561.95,584.05,584.05,5201250.0,4161.0,7307500,185000
2024-06-06,GUJGASLTD,2024-06-27,558.75,576.65,547.4,568.3,568.3,5385000.0,4308.0,7122500,80000
2024-06-05,GUJGASLTD,2024-06-27,518.6,547.7,498.8,544.3,544.3,3218750.0,2575.0,7042500,-320000
2024-06-04,GUJGASLTD,2024-06-27,565.6,566.35,483.55,508.4,508.4,7212500.0,5770.0,7362500,-168750
2024-06-03,GUJGASLTD,2024-06-27,550.5,575.9,549.3,568.85,568.85,7201250.0,5761.0,7531250,930000
2024-05-31,GUJGASLTD,2024-06-27,542.35,553.35,537.15,541.5,541.5,3628750.0,2903.0,6601250,463750
2024-05-30,GUJGASLTD,2024-06-27,544.95,549.7,535.15,538.55,538.55,3352500.0,2682.0,6137500,-57500
2024-05-29,GUJGASLTD,2024-05-30,544.1,559.1,543.95,554.1,554.1,3187500.0,2550.0,1275000,-930000
2024-05-28,GUJGASLTD,2024-05-30,561.95,563.1,540.75,549.6,549.6,3573750.0,2859.0,2205000,-1925000
2024-05-27,GUJGASLTD,2024-05-30,556.4,562.05,550.7,554.55,554.55,4027500.0,3222.0,4130000,-1515000
2024-05-24,GUJGASLTD,2024-05-30,555.95,566.2,554.1,557.15,557.15,2295000.0,1836.0,5645000,-308750
2024-05-23,GUJGASLTD,2024-05-30,561.7,561.7,548.65,557.2,557.2,2122500.0,1698.0,5953750,72500
2024-05-22,GUJGASLTD,2024-05-30,563.75,566.1,555.25,557.9,557.9,1927500.0,1542.0,5881250,-36250
2024-05-21,GUJGASLTD,2024-05-30,554.85,563.95,552.0,559.1,559.1,1881250.0,1505.0,5917500,75000
2024-05-18,GUJGASLTD,2024-05-30,556.0,560.4,554.25,555.45,555.45,285000.0,228.0,5842500,-18750
2024-05-17,GUJGASLTD,2024-05-30,549.1,558.35,543.0,554.05,554.05,1855000.0,1484.0,5861250,-41250
2024-05-16,GUJGASLTD,2024-05-30,544.05,549.6,537.45,548.0,548.0,1622500.0,1298.0,5902500,46250
2024-05-15,GUJGASLTD,2024-05-30,550.2,551.7,540.65,542.45,542.45,932500.0,746.0,5856250,-32500
2024-05-14,GUJGASLTD,2024-05-30,539.9,552.45,537.05,551.1,551.1,2065000.0,1652.0,5888750,-32500
2024-05-13,GUJGASLTD,2024-05-30,532.35,541.75,520.0,539.4,539.4,2443750.0,1955.0,5921250,-525000
2024-05-10,GUJGASLTD,2024-05-30,534.95,537.45,522.15,532.8,532.8,2113750.0,1691.0,6446250,-118750
2024-05-09,GUJGASLTD,2024-05-30,553.0,554.25,527.8,529.5,529.5,3313750.0,2651.0,6565000,155000
2024-05-08,GUJGASLTD,2024-05-30,536.95,556.4,536.6,549.7,549.7,4297500.0,3438.0,6410000,-853750
2024-05-07,GUJGASLTD,2024-05-30,558.6,569.45,531.1,538.9,538.9,12015000.0,9612.0,7263750,295000
2024-05-06,GUJGASLTD,2024-05-30,542.45,565.85,536.0,552.65,552.65,10908750.0,8727.0,6968750,1187500
2024-05-03,GUJGASLTD,2024-05-30,543.0,545.8,533.7,539.0,539.0,2211250.0,1769.0,5781250,-272500
2024-05-02,GUJGASLTD,2024-05-30,550.65,553.0,538.25,541.9,541.9,2655000.0,2124.0,6053750,208750
2024-04-30,GUJGASLTD,2024-05-30,553.85,560.6,549.35,550.65,550.65,2288750.0,1831.0,5845000,-68750
2024-04-29,GUJGASLTD,2024-05-30,554.7,562.0,550.65,555.0,555.0,1366250.0,1093.0,5913750,-20000
2024-04-26,GUJGASLTD,2024-05-30,548.75,559.9,547.8,555.4,555.4,2041250.0,1633.0,5933750,-98750
2024-04-25,GUJGASLTD,2024-05-30,540.5,548.6,535.1,546.0,546.0,3456250.0,2765.0,6032500,145000
2024-04-24,GUJGASLTD,2024-04-25,539.05,549.45,539.05,544.45,544.45,3081250.0,2465.0,1301250,-996250
2024-04-23,GUJGASLTD,2024-04-25,542.15,548.35,539.8,541.25,541.25,3518750.0,2815.0,2297500,-1227500
2024-04-22,GUJGASLTD,2024-04-25,540.0,555.65,534.55,540.9,540.9,4530000.0,3624.0,3525000,-2193750
2024-04-19,GUJGASLTD,2024-04-25,546.95,548.3,533.95,545.35,545.35,2600000.0,2080.0,5718750,-610000
2024-04-18,GUJGASLTD,2024-04-25,555.1,569.0,549.8,552.65,552.65,3668750.0,2935.0,6328750,-471250
2024-04-16,GUJGASLTD,2024-04-25,580.0,580.0,550.9,553.35,553.35,8338750.0,6671.0,6800000,610000
2024-04-15,GUJGASLTD,2024-04-25,552.15,578.85,542.05,573.8,573.8,6508750.0,5207.0,6190000,60000
2024-04-12,GUJGASLTD,2024-04-25,565.95,569.4,558.8,562.45,562.45,2016250.0,1613.0,6130000,96250
2024-04-10,GUJGASLTD,2024-04-25,558.1,572.95,558.1,566.2,566.2,3503750.0,2803.0,6033750,-235000
2024-04-09,GUJGASLTD,2024-04-25,569.35,570.9,555.75,558.5,558.5,2985000.0,2388.0,6268750,-227500
2024-04-08,GUJGASLTD,2024-04-25,552.4,567.95,552.4,566.5,566.5,6581250.0,5265.0,6496250,417500
2024-04-05,GUJGASLTD,2024-04-25,545.4,562.9,538.7,551.05,551.05,8708750.0,6967.0,6078750,590000
2024-04-04,GUJGASLTD,2024-04-25,554.8,556.5,544.65,548.85,548.85,1447500.0,1158.0,5488750,81250
2024-04-03,GUJGASLTD,2024-04-25,537.3,554.65,537.3,547.95,547.95,2130000.0,1704.0,5407500,-121250
2024-04-02,GUJGASLTD,2024-04-25,552.95,557.65,534.45,539.85,539.85,4418750.0,3535.0,5528750,-906250
2024-04-01,GUJGASLTD,2024-04-25,548.2,558.8,547.8,551.5,551.5,1195000.0,956.0,6435000,-52500
2024-03-28,GUJGASLTD,2024-04-25,546.1,551.45,542.5,547.85,547.85,1763750.0,1411.0,6487500,193750
2024-03-27,GUJGASLTD,2024-03-28,553.35,557.65,542.0,543.25,543.25,4673750.0,3739.0,992500,-2336250
2024-03-26,GUJGASLTD,2024-03-28,529.0,554.4,525.75,552.15,552.15,4611250.0,3689.0,3328750,-1672500
2024-03-22,GUJGASLTD,2024-03-28,528.1,533.85,525.65,529.5,529.5,3258750.0,2607.0,5001250,-1613750
2024-03-21,GUJGASLTD,2024-03-28,524.2,532.1,519.95,531.0,531.0,2373750.0,1899.0,6615000,-265000
2024-03-20,GUJGASLTD,2024-03-28,519.4,519.55,499.2,516.35,516.35,4030000.0,3224.0,6880000,-232500
2024-03-19,GUJGASLTD,2024-03-28,541.25,541.45,518.05,521.2,521.2,1921250.0,1537.0,7112500,455000
2024-03-18,GUJGASLTD,2024-03-28,539.25,546.85,536.0,542.65,542.65,1517500.0,1214.0,6657500,-91250
2024-03-15,GUJGASLTD,2024-03-28,531.7,548.0,530.05,545.25,545.25,1970000.0,1576.0,6748750,-168750
2024-03-14,GUJGASLTD,2024-03-28,530.7,545.9,523.65,540.25,540.25,2248750.0,1799.0,6917500,-48750
2024-03-13,GUJGASLTD,2024-03-28,554.15,557.95,526.4,529.75,529.75,2912500.0,2330.0,6966250,47500
2024-03-12,GUJGASLTD,2024-03-28,569.9,571.0,556.35,558.35,558.35,1376250.0,1101.0,6918750,-116250
2024-03-11,GUJGASLTD,2024-03-28,575.45,576.55,558.0,565.8,565.8,1563750.0,1251.0,7035000,-3750
2024-03-07,GUJGASLTD,2024-03-28,567.2,575.75,561.25,572.45,572.45,1957500.0,1566.0,7038750,83750
2024-03-06,GUJGASLTD,2024-03-28,596.85,596.85,558.15,568.6,568.6,6210000.0,4968.0,6955000,-402500
2024-03-05,GUJGASLTD,2024-03-28,596.5,598.0,589.6,596.85,596.85,1400000.0,1120.0,7357500,-102500
2024-03-04,GUJGASLTD,2024-03-28,582.55,599.95,581.0,593.95,593.95,3883750.0,3107.0,7460000,206250
2024-03-02,GUJGASLTD,2024-03-28,583.0,584.9,577.65,581.1,581.1,116250.0,93.0,7253750,13750
2024-03-01,GUJGASLTD,2024-03-28,575.5,585.0,574.05,582.45,582.45,2278750.0,1823.0,7240000,-68750
2024-02-29,GUJGASLTD,2024-02-29,553.05,569.2,544.65,565.75,565.35,2543750.0,2035.0,618750,-657500
2024-02-28,GUJGASLTD,2024-02-29,562.55,569.7,545.55,548.05,548.05,6065000.0,4852.0,1276250,-2017500
2024-02-27,GUJGASLTD,2024-02-29,568.5,573.4,558.2,559.9,559.9,3435000.0,2748.0,3293750,-641250
2024-02-26,GUJGASLTD,2024-02-29,580.35,583.0,566.5,567.65,567.65,6127500.0,4902.0,3935000,-2592500
2024-02-23,GUJGASLTD,2024-02-29,569.8,580.85,564.9,578.2,578.2,2880000.0,2304.0,6527500,-345000
2024-02-22,GUJGASLTD,2024-02-29,564.1,572.0,562.1,565.6,565.6,2655000.0,2124.0,6872500,-152500
2024-02-21,GUJGASLTD,2024-02-29,555.9,569.05,554.5,563.6,563.6,2540000.0,2032.0,7025000,-460000
2024-02-20,GUJGASLTD,2024-02-29,549.05,560.0,544.0,556.05,556.05,3498750.0,2799.0,7485000,-265000
2024-02-19,GUJGASLTD,2024-02-29,540.15,564.55,540.1,551.95,551.95,3975000.0,3180.0,7750000,-175000
2024-02-16,GUJGASLTD,2024-02-29,569.0,569.65,537.15,543.25,543.25,11908750.0,9527.0,7925000,1673750
2024-02-15,GUJGASLTD,2024-02-29,560.25,587.25,558.5,583.6,583.6,3375000.0,2700.0,6251250,66250
2024-02-14,GUJGASLTD,2024-02-29,533.5,563.8,513.05,561.9,561.9,7743750.0,6195.0,6185000,-285000
2024-02-13,GUJGASLTD,2024-02-29,561.7,569.75,558.7,563.2,563.2,1762500.0,1410.0,6470000,-47500
2024-02-12,GUJGASLTD,2024-02-29,584.75,584.75,561.2,563.25,563.25,2236250.0,1789.0,6517500,-138750
2024-02-09,GUJGASLTD,2024-02-29,597.8,597.8,566.9,583.55,583.55,4086250.0,3269.0,6656250,-252500
2024-02-08,GUJGASLTD,2024-02-29,608.55,613.25,601.1,603.75,603.75,1662500.0,1330.0,6908750,27500
2024-02-07,GUJGASLTD,2024-02-29,620.65,622.55,601.8,605.3,605.3,2336250.0,1869.0,6881250,13750
2024-02-06,GUJGASLTD,2024-02-29,603.3,619.9,596.1,618.15,618.15,3077500.0,2462.0,6867500,540000
2024-02-05,GUJGASLTD,2024-02-29,592.0,610.1,592.0,599.7,599.7,2982500.0,2386.0,6327500,218750
2024-02-02,GUJGASLTD,2024-02-29,588.05,601.0,588.05,593.45,593.45,2430000.0,1944.0,6108750,153750
2024-02-01,GUJGASLTD,2024-02-29,586.5,596.7,578.6,583.1,583.1,4353750.0,3483.0,5955000,337500
2024-01-31,GUJGASLTD,2024-02-29,556.1,585.0,556.1,583.8,583.8,5320000.0,4256.0,5617500,386250
2024-01-30,GUJGASLTD,2024-02-29,556.0,566.0,555.95,557.75,557.75,1717500.0,1374.0,5231250,-110000
2024-01-29,GUJGASLTD,2024-02-29,560.95,565.25,555.95,557.7,557.7,1943750.0,1555.0,5341250,83750
2024-01-25,GUJGASLTD,2024-02-29,576.05,576.05,553.75,557.25,557.25,3163750.0,2531.0,5257500,645000
2024-01-24,GUJGASLTD,2024-01-25,551.55,571.1,548.25,570.0,570.0,3418750.0,2735.0,2138750,-1150000
2024-01-23,GUJGASLTD,2024-01-25,559.45,565.85,549.45,552.55,552.55,5425000.0,4340.0,3288750,-2261250
2024-01-20,GUJGASLTD,2024-01-25,554.95,554.95,548.45,554.1,554.1,1460000.0,1168.0,5550000,-35000
2024-01-19,GUJGASLTD,2024-01-25,558.15,560.0,547.65,554.05,554.05,2681250.0,2145.0,5585000,97500
2024-01-18,GUJGASLTD,2024-01-25,555.65,561.75,535.9,557.65,557.65,4808750.0,3847.0,5487500,-118750
2024-01-17,GUJGASLTD,2024-01-25,551.75,566.45,550.35,556.8,556.8,4291250.0,3433.0,5606250,-77500
2024-01-16,GUJGASLTD,2024-01-25,544.35,558.3,540.85,556.05,556.05,4377500.0,3502.0,5683750,-565000
2024-01-15,GUJGASLTD,2024-01-25,537.2,546.95,535.0,542.4,542.4,3652500.0,2922.0,6248750,-611250
2024-01-12,GUJGASLTD,2024-01-25,544.65,546.85,533.75,534.95,534.95,5940000.0,4752.0,6860000,-1110000
2024-01-11,GUJGASLTD,2024-01-25,516.95,548.55,514.7,542.5,542.5,9910000.0,7928.0,7970000,1128750
2024-01-10,GUJGASLTD,2024-01-25,515.2,517.2,506.65,516.15,516.15,2932500.0,2346.0,6841250,-486250
2024-01-09,GUJGASLTD,2024-01-25,514.3,518.25,508.8,516.65,516.65,2766250.0,2213.0,7327500,240000
2024-01-08,GUJGASLTD,2024-01-25,508.8,516.0,506.7,509.85,509.85,3613750.0,2891.0,7087500,-82500
2024-01-05,GUJGASLTD,2024-01-25,519.8,519.8,502.4,507.95,507.95,3053750.0,2443.0,7170000,-717500
2024-01-04,GUJGASLTD,2024-01-25,500.0,509.9,499.7,508.45,508.45,3273750.0,2619.0,7887500,-231250
2024-01-03,GUJGASLTD,2024-01-25,499.45,504.95,494.4,500.2,500.2,3057500.0,2446.0,8118750,-141250
2024-01-02,GUJGASLTD,2024-01-25,487.7,506.8,483.45,502.25,502.25,10597500.0,8478.0,8260000,336250
2024-01-01,GUJGASLTD,2024-01-25,465.95,499.8,465.7,488.2,488.2,12043750.0,9635.0,7923750,1223750
2023-12-29,GUJGASLTD,2024-01-25,455.05,467.2,451.0,465.65,465.65,5307500.0,4246.0,6700000,271250
2023-12-28,GUJGASLTD,2024-01-25,456.35,457.6,452.6,455.6,455.6,5013750.0,4011.0,6428750,1502500
2023-12-27,GUJGASLTD,2023-12-28,453.25,456.25,445.95,449.8,449.8,2988750.0,2391.0,2680000,-1603750
2023-12-26,GUJGASLTD,2023-12-28,449.4,458.3,446.9,452.35,452.35,3456250.0,2765.0,4283750,-1607500
2023-12-22,GUJGASLTD,2023-12-28,447.7,450.85,444.3,448.9,448.9,3136250.0,2509.0,5891250,-751250
2023-12-21,GUJGASLTD,2023-12-28,434.9,447.55,432.9,445.5,445.5,2625000.0,2100.0,6642500,-265000
2023-12-20,GUJGASLTD,2023-12-28,451.85,457.7,435.05,437.65,437.65,3950000.0,3160.0,6907500,-243750
2023-12-19,GUJGASLTD,2023-12-28,453.15,454.05,448.7,449.2,449.2,1407500.0,1126.0,7151250,-27500
2023-12-18,GUJGASLTD,2023-12-28,451.2,456.9,449.65,452.85,452.85,2258750.0,1807.0,7178750,427500
2023-12-15,GUJGASLTD,2023-12-28,445.45,456.15,444.95,450.2,450.2,4057500.0,3246.0,6751250,-423750
2023-12-14,GUJGASLTD,2023-12-28,442.0,445.5,437.85,444.6,444.6,2137500.0,1710.0,7175000,-45000
2023-12-13,GUJGASLTD,2023-12-28,442.1,442.6,436.45,439.65,439.65,1368750.0,1095.0,7220000,291250
2023-12-12,GUJGASLTD,2023-12-28,444.0,448.35,439.15,442.1,442.1,1931250.0,1545.0,6928750,45000
2023-12-11,GUJGASLTD,2023-12-28,443.9,449.0,442.65,444.0,444.0,2302500.0,1842.0,6883750,-223750
2023-12-08,GUJGASLTD,2023-12-28,445.45,449.35,440.5,443.05,443.05,3032500.0,2426.0,7107500,156250
2023-12-07,GUJGASLTD,2023-12-28,444.6,449.95,442.15,446.2,446.2,3128750.0,2503.0,6951250,431250
2023-12-06,GUJGASLTD,2023-12-28,447.15,448.65,443.45,444.4,444.4,1561250.0,1249.0,6520000,22500
2023-12-05,GUJGASLTD,2023-12-28,445.25,447.35,440.25,446.85,446.85,2243750.0,1795.0,6497500,-255000
2023-12-04,GUJGASLTD,2023-12-28,439.8,448.3,438.7,444.05,444.05,3776250.0,3021.0,6752500,136250
2023-12-01,GUJGASLTD,2023-12-28,431.15,442.5,431.15,437.4,437.4,1846250.0,1477.0,6616250,-100000
2023-11-30,GUJGASLTD,2023-12-28,436.85,437.65,433.25,435.25,435.25,3392500.0,2714.0,6716250,1316250
2023-11-29,GUJGASLTD,2023-11-30,428.6,435.75,428.05,433.35,433.35,3628750.0,2903.0,2108750,-1700000
2023-11-28,GUJGASLTD,2023-11-30,421.8,429.95,421.8,428.9,428.9,2478750.0,1983.0,3808750,-1161250
2023-11-24,GUJGASLTD,2023-11-30,432.2,432.2,425.55,426.35,426.35,3533750.0,2827.0,4970000,-1932500
2023-11-23,GUJGASLTD,2023-11-30,427.3,431.9,426.7,429.95,429.95,1978750.0,1583.0,6902500,-275000
2023-11-22,GUJGASLTD,2023-11-30,428.2,429.35,426.2,427.75,427.75,1365000.0,1092.0,7177500,-115000
2023-11-21,GUJGASLTD,2023-11-30,426.35,429.8,425.25,427.75,427.75,1500000.0,1200.0,7292500,-386250
2023-11-20,GUJGASLTD,2023-11-30,427.45,427.45,423.65,425.25,425.25,845000.0,676.0,7678750,-5000
2023-11-17,GUJGASLTD,2023-11-30,424.25,428.95,423.05,425.8,425.8,1288750.0,1031.0,7683750,-133750
2023-11-16,GUJGASLTD,2023-11-30,423.1,426.55,420.85,423.75,423.75,1635000.0,1308.0,7817500,-38750
2023-11-15,GUJGASLTD,2023-11-30,420.0,424.45,417.85,422.5,422.5,1828750.0,1463.0,7856250,-375000
2023-11-13,GUJGASLTD,2023-11-30,419.75,419.75,414.45,418.6,418.6,1005000.0,804.0,8231250,-96250
2023-11-12,GUJGASLTD,2023-11-30,419.25,420.55,418.3,418.95,418.95,130000.0,104.0,8327500,-3750
2023-11-10,GUJGASLTD,2023-11-30,414.0,422.15,412.85,419.1,419.1,1417500.0,1134.0,8331250,142500
2023-11-09,GUJGASLTD,2023-11-30,417.25,417.4,412.7,415.45,415.45,906250.0,725.0,8188750,-58750
2023-11-08,GUJGASLTD,2023-11-30,418.95,419.75,417.15,417.9,417.9,610000.0,488.0,8247500,81250
2023-11-07,GUJGASLTD,2023-11-30,418.7,421.5,417.2,419.85,419.85,1045000.0,836.0,8166250,-10000
2023-11-06,GUJGASLTD,2023-11-30,423.3,425.1,415.35,418.85,418.85,2315000.0,1852.0,8176250,212500
2023-11-03,GUJGASLTD,2023-11-30,416.85,424.55,415.65,420.5,420.5,4828750.0,3863.0,7963750,-652500
2023-11-02,GUJGASLTD,2023-11-30,406.95,413.0,406.7,411.05,411.05,1690000.0,1352.0,8616250,-183750
2023-11-01,GUJGASLTD,2023-11-30,410.65,410.65,404.15,405.85,405.85,1463750.0,1171.0,8800000,121250
2023-10-31,GUJGASLTD,2023-11-30,411.2,411.2,405.5,409.9,409.9,1803750.0,1443.0,8678750,-193750
2023-10-30,GUJGASLTD,2023-11-30,412.65,414.35,407.45,411.2,411.2,2358750.0,1887.0,8872500,-130000
2023-10-27,GUJGASLTD,2023-11-30,408.85,409.35,405.2,408.35,408.35,1501250.0,1201.0,9002500,-252500
2023-10-26,GUJGASLTD,2023-10-26,402.95,403.65,397.25,402.85,403.85,6561250.0,5249.0,741250,-3758750
2023-10-25,GUJGASLTD,2023-10-26,406.0,408.05,400.25,406.0,406.0,4951250.0,3961.0,4500000,-2277500
2023-10-23,GUJGASLTD,2023-10-26,414.25,416.35,404.3,405.95,405.95,4346250.0,3477.0,6777500,-2306250
2023-10-20,GUJGASLTD,2023-10-26,418.0,418.5,410.1,413.15,413.15,5618750.0,4495.0,9083750,-2217500
2023-10-19,GUJGASLTD,2023-10-26,420.7,420.95,413.25,419.9,419.9,2636250.0,2109.0,11301250,-361250
2023-10-18,GUJGASLTD,2023-10-26,427.5,427.5,418.75,420.95,420.95,2176250.0,1741.0,11662500,136250
2023-10-17,GUJGASLTD,2023-10-26,426.9,430.1,425.65,427.1,427.1,1850000.0,1480.0,11526250,-52500
2023-10-16,GUJGASLTD,2023-10-26,426.55,429.0,424.55,425.75,425.75,1605000.0,1284.0,11578750,228750
2023-10-13,GUJGASLTD,2023-10-26,431.3,431.3,425.3,426.75,426.75,1957500.0,1566.0,11350000,176250
2023-10-12,GUJGASLTD,2023-10-26,425.9,431.05,423.7,428.0,428.0,3323750.0,2659.0,11173750,-106250
2023-10-11,GUJGASLTD,2023-10-26,429.0,429.0,423.25,423.7,423.7,1551250.0,1241.0,11280000,125000
2023-10-10,GUJGASLTD,2023-10-26,425.0,428.0,422.1,424.75,424.75,1681250.0,1345.0,11155000,-57500
2023-10-09,GUJGASLTD,2023-10-26,424.0,426.0,418.55,423.75,423.75,1642500.0,1314.0,11212500,-10000
2023-10-06,GUJGASLTD,2023-10-26,423.65,427.5,422.5,426.25,426.25,1652500.0,1322.0,11222500,-152500
2023-10-05,GUJGASLTD,2023-10-26,427.6,427.6,421.9,423.05,423.05,1095000.0,876.0,11375000,205000
2023-10-04,GUJGASLTD,2023-10-26,425.5,428.5,421.95,424.0,424.0,2075000.0,1660.0,11170000,16250
2023-10-03,GUJGASLTD,2023-10-26,424.35,433.65,424.35,427.6,427.6,3660000.0,2928.0,11153750,303750
2023-09-29,GUJGASLTD,2023-10-26,423.05,426.5,418.0,425.35,425.35,2830000.0,2264.0,10850000,-102500
2023-09-28,GUJGASLTD,2023-09-28,421.65,422.65,414.45,415.35,414.95,5278750.0,4223.0,806250,-2583750
2023-09-27,GUJGASLTD,2023-09-28,431.0,431.0,420.6,421.55,421.55,3908750.0,3127.0,3390000,-1623750
2023-09-26,GUJGASLTD,2023-09-28,437.65,440.55,431.6,433.0,433.0,3288750.0,2631.0,5013750,-1450000
2023-09-25,GUJGASLTD,2023-09-28,440.2,441.65,434.7,438.8,438.8,3347500.0,2678.0,6463750,-1500000
2023-09-22,GUJGASLTD,2023-09-28,443.85,444.0,438.25,439.8,439.8,2317500.0,1854.0,7963750,-688750
2023-09-21,GUJGASLTD,2023-09-28,444.9,448.05,440.6,441.6,441.6,2661250.0,2129.0,8652500,-120000
2023-09-20,GUJGASLTD,2023-09-28,452.7,455.7,447.05,447.75,447.75,1990000.0,1592.0,8772500,60000
2023-09-18,GUJGASLTD,2023-09-28,451.55,454.15,448.85,453.05,453.05,1647500.0,1318.0,8712500,131250
2023-09-15,GUJGASLTD,2023-09-28,457.45,457.5,452.5,452.9,452.9,1426250.0,1141.0,8581250,56250
2023-09-14,GUJGASLTD,2023-09-28,452.55,454.5,449.0,453.75,453.75,2332500.0,1866.0,8525000,77500
2023-09-13,GUJGASLTD,2023-09-28,450.95,454.0,448.1,450.5,450.5,2055000.0,1644.0,8447500,50000
2023-09-12,GUJGASLTD,2023-09-28,463.7,463.7,450.5,451.25,451.25,3363750.0,2691.0,8397500,-115000
2023-09-11,GUJGASLTD,2023-09-28,457.95,462.75,457.25,461.7,461.7,2823750.0,2259.0,8512500,16250
2023-09-08,GUJGASLTD,2023-09-28,460.45,461.35,457.2,458.95,458.95,1836250.0,1469.0,8496250,-16250
2023-09-07,GUJGASLTD,2023-09-28,460.0,462.7,454.0,458.3,458.3,2020000.0,1616.0,8512500,-212500
2023-09-06,GUJGASLTD,2023-09-28,456.0,464.8,454.7,458.3,458.3,4488750.0,3591.0,8725000,-180000
2023-09-05,GUJGASLTD,2023-09-28,454.5,460.6,451.7,452.95,452.95,2627500.0,2102.0,8905000,120000
2023-09-04,GUJGASLTD,2023-09-28,456.05,456.7,451.4,452.75,452.75,2322500.0,1858.0,8785000,238750
2023-09-01,GUJGASLTD,2023-09-28,459.4,463.9,446.65,454.7,454.7,7342500.0,5874.0,8546250,443750
2023-08-31,GUJGASLTD,2023-08-31,455.95,455.95,447.0,449.05,449.35,2316250.0,1853.0,625000,-767500
2023-08-30,GUJGASLTD,2023-08-31,461.95,461.95,453.95,454.6,454.6,3146250.0,2517.0,1392500,-915000
2023-08-29,GUJGASLTD,2023-08-31,458.3,460.75,455.8,459.5,459.5,3982500.0,3186.0,2307500,-2491250
2023-08-28,GUJGASLTD,2023-08-31,449.3,457.1,449.3,456.35,456.35,3797500.0,3038.0,4798750,-1478750
2023-08-25,GUJGASLTD,2023-08-31,454.3,459.3,451.45,452.35,452.35,1678750.0,1343.0,6277500,-318750
2023-08-24,GUJGASLTD,2023-08-31,452.65,461.0,451.95,456.6,456.6,1886250.0,1509.0,6596250,-253750
2023-08-23,GUJGASLTD,2023-08-31,452.95,454.7,452.2,452.9,452.9,1150000.0,920.0,6850000,-48750
2023-08-22,GUJGASLTD,2023-08-31,455.1,456.15,450.55,453.4,453.4,2362500.0,1890.0,6898750,47500
2023-08-21,GUJGASLTD,2023-08-31,456.0,459.9,451.4,454.7,454.7,2566250.0,2053.0,6851250,-90000
2023-08-18,GUJGASLTD,2023-08-31,451.05,453.45,446.9,451.15,451.15,1773750.0,1419.0,6941250,113750
2023-08-17,GUJGASLTD,2023-08-31,453.1,454.35,448.0,450.2,450.2,1625000.0,1300.0,6827500,-170000
2023-08-16,GUJGASLTD,2023-08-31,452.0,454.5,448.85,453.0,453.0,851250.0,681.0,6997500,86250
2023-08-11,GUJGASLTD,2023-08-31,461.9,463.5,457.0,458.25,458.25,1463750.0,1171.0,7036250,-95000
2023-08-10,GUJGASLTD,2023-08-31,467.15,468.9,456.85,461.9,461.9,3532500.0,2826.0,7131250,-316250
2023-08-09,GUJGASLTD,2023-08-31,464.75,472.9,463.75,472.1,472.1,1263750.0,1011.0,7447500,-276250
2023-08-08,GUJGASLTD,2023-08-31,460.95,468.05,456.7,467.4,467.4,2197500.0,1758.0,7723750,-515000
2023-08-07,GUJGASLTD,2023-08-31,447.0,462.1,445.55,461.05,461.05,2487500.0,1990.0,8238750,-211250
2023-08-04,GUJGASLTD,2023-08-31,453.45,453.65,445.55,446.6,446.6,2380000.0,1904.0,8450000,-18750
2023-08-03,GUJGASLTD,2023-08-31,455.65,457.6,439.7,452.55,452.55,8357500.0,6686.0,8468750,-50000
2023-08-02,GUJGASLTD,2023-08-31,477.75,477.85,465.0,468.25,468.25,3895000.0,3116.0,8518750,123750
2023-08-01,GUJGASLTD,2023-08-31,489.5,494.45,480.25,481.95,481.95,3601250.0,2881.0,8395000,783750
2023-07-31,GUJGASLTD,2023-08-31,481.35,488.9,478.0,485.4,485.4,1937500.0,1550.0,7611250,136250
2023-07-28,GUJGASLTD,2023-08-31,470.8,483.0,470.8,481.35,481.35,3051250.0,2441.0,7475000,90000
2023-07-27,GUJGASLTD,2023-07-27,474.1,475.75,469.15,470.35,470.85,2420000.0,1936.0,1892500,-361250
2023-07-26,GUJGASLTD,2023-07-27,471.75,475.7,470.0,472.1,472.1,3656250.0,2925.0,2253750,-1518750
2023-07-25,GUJGASLTD,2023-07-27,468.4,471.5,467.0,470.8,470.8,3953750.0,3163.0,3772500,-2610000
2023-07-24,GUJGASLTD,2023-07-27,467.15,467.8,462.8,466.55,466.55,2983750.0,2387.0,6382500,-1345000
2023-07-21,GUJGASLTD,2023-07-27,466.45,471.85,463.95,468.95,468.95,1945000.0,1556.0,7727500,-517500
2023-07-20,GUJGASLTD,2023-07-27,467.55,470.5,466.15,467.65,467.65,1236250.0,989.0,8245000,-237500
2023-07-19,GUJGASLTD,2023-07-27,467.0,469.15,464.4,467.6,467.6,1081250.0,865.0,8482500,-133750
2023-07-18,GUJGASLTD,2023-07-27,463.4,466.9,459.25,465.65,465.65,2068750.0,1655.0,8616250,-85000
2023-07-17,GUJGASLTD,2023-07-27,463.85,468.85,461.75,463.2,463.2,1992500.0,1594.0,8701250,392500
2023-07-14,GUJGASLTD,2023-07-27,463.5,466.05,460.5,462.05,462.05,1546250.0,1237.0,8308750,212500
2023-07-13,GUJGASLTD,2023-07-27,473.95,474.0,461.9,463.3,463.3,2003750.0,1603.0,8096250,365000
2023-07-12,GUJGASLTD,2023-07-27,483.5,483.5,470.25,471.85,471.85,2242500.0,1794.0,7731250,677500
2023-07-11,GUJGASLTD,2023-07-27,476.85,482.8,476.15,481.95,481.95,1075000.0,860.0,7053750,-196250
2023-07-10,GUJGASLTD,2023-07-27,477.45,480.75,471.6,476.9,476.9,1580000.0,1264.0,7250000,-80000
2023-07-07,GUJGASLTD,2023-07-27,476.6,486.9,474.2,477.7,477.7,3387500.0,2710.0,7330000,-6250
2023-07-06,GUJGASLTD,2023-07-27,474.8,481.15,474.8,478.15,478.15,1401250.0,1121.0,7336250,-297500
2023-07-05,GUJGASLTD,2023-07-27,472.7,477.45,470.3,474.95,474.95,1028750.0,823.0,7633750,47500
2023-07-04,GUJGASLTD,2023-07-27,481.85,481.85,471.1,473.8,473.8,1766250.0,1413.0,7586250,187500
2023-07-03,GUJGASLTD,2023-07-27,487.0,495.95,476.05,478.2,478.2,8245000.0,6596.0,7398750,487500
2023-06-30,GUJGASLTD,2023-07-27,471.05,473.9,464.1,465.9,465.9,2080000.0,1664.0,6911250,756250
2023-06-28,GUJGASLTD,2023-06-28,465.25,469.5,464.15,467.75,467.45,2848750.0,2279.0,416250,-1380000
2023-05-25,GUJGASLTD,2023-05-25,483.7,488.95,481.75,487.45,488.75,2031250.0,1625.0,1386250,-106250
2023-05-24,GUJGASLTD,2023-05-25,482.6,489.6,481.45,485.45,485.45,2026250.0,1621.0,1492500,-1131250
2023-05-23,GUJGASLTD,2023-05-25,482.5,487.85,478.3,484.95,484.95,2728750.0,2183.0,2623750,-1931250
2023-05-22,GUJGASLTD,2023-05-25,477.15,484.45,473.8,482.55,482.55,2131250.0,1705.0,4555000,-1006250
2023-05-19,GUJGASLTD,2023-05-25,487.3,488.65,473.5,478.25,478.25,1833750.0,1467.0,5561250,-457500
2023-05-18,GUJGASLTD,2023-05-25,493.0,497.9,482.4,486.65,486.65,1676250.0,1341.0,6018750,-148750
2023-05-17,GUJGASLTD,2023-05-25,488.7,496.95,486.05,491.55,491.55,2693750.0,2155.0,6167500,48750
2023-05-16,GUJGASLTD,2023-05-25,484.0,491.65,481.1,486.55,486.55,2523750.0,2019.0,6118750,-485000
2023-05-15,GUJGASLTD,2023-05-25,478.0,484.4,467.25,483.2,483.2,2617500.0,2094.0,6603750,-288750
2023-05-12,GUJGASLTD,2023-05-25,492.75,494.0,477.1,477.9,477.9,2786250.0,2229.0,6892500,-283750
2023-05-11,GUJGASLTD,2023-05-25,474.95,495.0,470.55,490.8,490.8,13281250.0,10625.0,7176250,697500
2023-05-10,GUJGASLTD,2023-05-25,469.95,471.2,455.65,464.7,464.7,3528750.0,2823.0,6478750,57500
2023-05-09,GUJGASLTD,2023-05-25,462.1,476.55,461.7,469.0,469.0,3450000.0,2760.0,6421250,23750
2023-05-08,GUJGASLTD,2023-05-25,461.55,463.55,457.0,460.55,460.55,2077500.0,1662.0,6397500,165000
2023-05-05,GUJGASLTD,2023-05-25,474.15,476.85,458.0,460.95,460.95,2426250.0,1941.0,6232500,625000
2023-05-04,GUJGASLTD,2023-05-25,475.25,476.5,470.95,475.0,475.0,1050000.0,840.0,5607500,15000
2023-05-03,GUJGASLTD,2023-05-25,471.1,479.15,470.2,473.95,473.95,2433750.0,1947.0,5592500,-348750
2023-05-02,GUJGASLTD,2023-05-25,472.55,475.15,466.75,472.9,472.9,1628750.0,1303.0,5941250,-202500
2023-04-28,GUJGASLTD,2023-05-25,457.75,471.85,457.75,470.8,470.8,2738750.0,2191.0,6143750,297500
2023-04-27,GUJGASLTD,2023-04-27,461.35,462.5,453.1,454.75,454.5,2481250.0,1985.0,1741250,-145000
2023-04-26,GUJGASLTD,2023-04-27,464.0,464.45,456.25,463.4,463.4,2517500.0,2014.0,1886250,-973750
2023-04-25,GUJGASLTD,2023-04-27,463.05,465.5,458.4,459.25,459.25,2002500.0,1602.0,2860000,-852500
2023-04-24,GUJGASLTD,2023-04-27,463.6,466.55,461.3,464.15,464.15,1931250.0,1545.0,3712500,-857500
2023-04-21,GUJGASLTD,2023-04-27,464.05,466.95,458.55,466.25,466.25,1148750.0,919.0,4570000,-161250
2023-04-20,GUJGASLTD,2023-04-27,463.0,466.45,460.45,462.95,462.95,1023750.0,819.0,4731250,-118750
2023-04-19,GUJGASLTD,2023-04-27,468.75,470.35,463.8,464.45,464.45,1185000.0,948.0,4850000,-148750
2023-04-18,GUJGASLTD,2023-04-27,470.65,478.4,467.55,469.25,469.25,2098750.0,1679.0,4998750,-53750
2023-04-17,GUJGASLTD,2023-04-27,467.75,472.6,461.6,471.85,471.85,1641250.0,1313.0,5052500,-42500
2023-04-13,GUJGASLTD,2023-04-27,465.4,468.15,461.5,464.65,464.65,1206250.0,965.0,5095000,53750
2023-04-12,GUJGASLTD,2023-04-27,463.75,472.9,463.55,467.1,467.1,1767500.0,1414.0,5041250,-16250
2023-04-11,GUJGASLTD,2023-04-27,463.45,465.8,458.8,463.4,463.4,1555000.0,1244.0,5057500,-53750
2023-04-10,GUJGASLTD,2023-04-27,474.0,474.0,458.15,460.2,460.2,3280000.0,2624.0,5111250,411250
2023-04-06,GUJGASLTD,2023-04-27,464.85,472.1,460.0,467.35,467.35,1772500.0,1418.0,4700000,231250
2023-04-05,GUJGASLTD,2023-04-27,463.3,468.8,460.35,463.85,463.85,2111250.0,1689.0,4468750,480000
2023-04-03,GUJGASLTD,2023-04-27,464.85,464.85,453.5,463.0,463.0,1872500.0,1498.0,3988750,41250
2023-03-31,GUJGASLTD,2023-04-27,474.0,474.0,453.55,461.4,461.4,2610000.0,2088.0,3947500,373750
2023-03-29,GUJGASLTD,2023-03-29,470.55,475.25,466.8,470.0,469.65,1675000.0,1340.0,287500,-811250
2023-03-28,GUJGASLTD,2023-03-29,483.55,483.55,467.7,470.7,470.7,2282500.0,1826.0,1098750,-1323750
2023-03-27,GUJGASLTD,2023-03-29,481.25,489.0,476.75,480.9,480.9,1955000.0,1564.0,2422500,-777500
2023-03-24,GUJGASLTD,2023-03-29,491.55,495.2,481.55,483.45,483.45,1638750.0,1311.0,3200000,-623750
2023-03-23,GUJGASLTD,2023-03-29,494.65,504.0,490.5,492.2,492.2,1390000.0,1112.0,3823750,-77500
2023-03-22,GUJGASLTD,2023-03-29,505.4,505.4,495.8,496.95,496.95,671250.0,537.0,3901250,-47500
2023-03-21,GUJGASLTD,2023-03-29,500.3,511.2,496.75,503.4,503.4,1932500.0,1546.0,3948750,-30000
2023-03-20,GUJGASLTD,2023-03-29,504.05,506.55,496.0,497.3,497.3,945000.0,756.0,3978750,-108750
2023-03-17,GUJGASLTD,2023-03-29,500.2,508.95,500.2,503.4,503.4,1082500.0,866.0,4087500,-245000
2023-03-16,GUJGASLTD,2023-03-29,490.55,500.8,485.5,498.25,498.25,1256250.0,1005.0,4332500,-100000
2023-03-15,GUJGASLTD,2023-03-29,505.25,506.7,490.05,492.8,492.8,1937500.0,1550.0,4432500,-338750
2023-03-14,GUJGASLTD,2023-03-29,509.9,513.5,501.1,503.1,503.1,1503750.0,1203.0,4771250,70000
2023-03-13,GUJGASLTD,2023-03-29,512.9,514.9,506.65,509.8,509.8,1480000.0,1184.0,4701250,-256250
2023-03-10,GUJGASLTD,2023-03-29,509.55,514.55,503.1,512.7,512.7,1651250.0,1321.0,4957500,-137500
2023-03-09,GUJGASLTD,2023-03-29,514.25,518.65,508.35,515.65,515.65,1677500.0,1342.0,5095000,-266250
2023-03-08,GUJGASLTD,2023-03-29,511.0,515.8,508.0,510.05,510.05,1453750.0,1163.0,5361250,143750
2023-03-06,GUJGASLTD,2023-03-29,514.25,528.5,510.25,515.15,515.15,5305000.0,4244.0,5217500,798750
2023-03-03,GUJGASLTD,2023-03-29,514.75,515.05,508.0,511.95,511.95,1291250.0,1033.0,4418750,26250
2023-03-02,GUJGASLTD,2023-03-29,517.0,521.0,512.45,513.3,513.3,1457500.0,1166.0,4392500,96250
2023-03-01,GUJGASLTD,2023-03-29,513.6,517.05,509.7,515.1,515.1,1780000.0,1424.0,4296250,561250
2023-02-28,GUJGASLTD,2023-03-29,505.6,513.8,500.0,508.5,508.5,1651250.0,1321.0,3735000,291250
2023-02-27,GUJGASLTD,2023-03-29,507.25,514.3,503.05,507.05,507.05,1668750.0,1335.0,3443750,27500
2023-02-24,GUJGASLTD,2023-03-29,519.3,519.3,502.55,510.1,510.1,3010000.0,2408.0,3416250,123750
2023-02-23,GUJGASLTD,2023-02-23,513.95,519.05,494.45,504.45,504.1,,1126.0,361250,-377500
2023-02-22,GUJGASLTD,2023-02-23,506.95,519.65,502.0,503.85,503.85,,1544.0,738750,-472500
2023-02-21,GUJGASLTD,2023-02-23,499.4,510.3,497.8,505.95,505.95,,2394.0,1211250,-1246250
2023-02-20,GUJGASLTD,2023-02-23,482.7,503.9,481.25,499.85,499.85,,4088.0,2457500,-990000
2023-02-17,GUJGASLTD,2023-02-23,483.95,486.35,477.1,484.3,484.3,,638.0,3447500,-157500
2023-02-16,GUJGASLTD,2023-02-23,482.65,490.65,479.8,486.45,486.45,,921.0,3605000,47500
2023-02-15,GUJGASLTD,2023-02-23,475.1,487.5,475.1,484.45,484.45,,1276.0,3557500,-290000
2023-02-14,GUJGASLTD,2023-02-23,488.25,495.4,472.9,474.25,474.25,,2985.0,3847500,-220000
2023-02-13,GUJGASLTD,2023-02-23,481.25,494.25,474.0,484.95,484.95,,4936.0,4067500,438750
2023-02-10,GUJGASLTD,2023-02-23,480.6,487.05,477.25,481.9,481.9,,639.0,3628750,8750
2023-02-09,GUJGASLTD,2023-02-23,481.15,484.15,475.0,482.9,482.9,,674.0,3620000,-72500
2023-02-08,GUJGASLTD,2023-02-23,471.8,482.75,469.3,480.95,480.95,,779.0,3692500,-20000
2023-02-07,GUJGASLTD,2023-02-23,469.75,476.45,469.0,471.25,471.25,,421.0,3712500,30000
2023-02-06,GUJGASLTD,2023-02-23,465.3,478.9,465.3,476.1,476.1,,672.0,3682500,137500
2023-02-03,GUJGASLTD,2023-02-23,475.55,475.8,456.6,469.6,469.6,,1266.0,3545000,40000
2023-02-02,GUJGASLTD,2023-02-23,475.15,480.5,468.4,473.95,473.95,,1127.0,3505000,-166250
2023-02-01,GUJGASLTD,2023-02-23,465.95,489.5,464.85,474.5,474.5,,3461.0,3671250,-727500
2023-01-31,GUJGASLTD,2023-02-23,453.5,463.65,448.85,460.95,460.95,,823.0,4398750,-88750
2023-01-30,GUJGASLTD,2023-02-23,454.3,461.05,449.65,451.5,451.5,,904.0,4487500,145000
2023-01-27,GUJGASLTD,2023-02-23,469.05,472.0,450.9,456.05,456.05,,1293.0,4342500,178750
2023-01-25,GUJGASLTD,2023-02-23,468.4,474.25,465.0,467.3,467.3,,2111.0,4163750,486250
2023-01-24,GUJGASLTD,2023-02-23,472.55,474.25,463.0,469.15,469.15,,2551.0,3677500,807500
2023-01-23,GUJGASLTD,2023-02-23,462.0,473.2,461.05,471.55,471.55,,1767.0,2870000,841250
2023-01-20,GUJGASLTD,2023-02-23,453.8,464.55,453.5,460.35,460.35,,1085.0,2028750,642500
2023-01-19,GUJGASLTD,2023-02-23,451.15,456.9,450.95,454.15,454.15,,617.0,1386250,407500
2023-01-18,GUJGASLTD,2023-02-23,448.55,460.95,447.4,455.5,455.5,,503.0,978750,230000
2023-01-17,GUJGASLTD,2023-02-23,447.0,450.0,442.45,448.25,448.25,,331.0,748750,135000
2023-01-16,GUJGASLTD,2023-02-23,450.35,451.0,446.25,447.4,447.4,,153.0,613750,70000
2023-01-13,GUJGASLTD,2023-02-23,455.35,455.65,442.65,449.3,449.3,,557.0,543750,201250
2023-01-12,GUJGASLTD,2023-02-23,471.75,471.75,465.6,468.1,468.1,,93.0,342500,41250
2023-01-11,GUJGASLTD,2023-02-23,481.1,482.05,470.0,472.4,472.4,,132.0,301250,66250
2023-01-10,GUJGASLTD,2023-02-23,484.35,487.15,476.45,482.75,482.75,,103.0,235000,11250
2023-01-09,GUJGASLTD,2023-02-23,480.6,491.1,479.5,486.0,486.0,,109.0,223750,28750
2023-01-06,GUJGASLTD,2023-02-23,490.75,490.75,478.0,483.05,483.05,,47.0,195000,17500
2023-01-05,GUJGASLTD,2023-02-23,478.4,490.15,475.0,489.55,489.55,,34.0,177500,0
2023-01-04,GUJGASLTD,2023-02-23,489.8,492.45,476.6,477.85,477.85,,43.0,177500,6250
2023-01-03,GUJGASLTD,2023-02-23,493.0,495.8,491.95,492.1,492.1,,7.0,171250,-2500
2023-01-02,GUJGASLTD,2023-02-23,487.8,493.3,486.7,490.85,490.85,,23.0,173750,-1250
2022-12-30,GUJGASLTD,2023-02-23,482.45,490.0,480.8,487.8,487.8,,99.0,175000,22500
2022-12-29,GUJGASLTD,2022-12-29,477.0,479.6,470.05,474.4,478.05,,2066.0,2268750,38750
2022-12-28,GUJGASLTD,2022-12-29,478.65,481.55,471.55,477.3,477.3,,1932.0,2230000,-667500
2022-12-27,GUJGASLTD,2022-12-29,480.1,487.7,471.1,476.6,476.6,,2419.0,2897500,-321250
2022-12-26,GUJGASLTD,2022-12-29,470.9,484.55,463.1,479.35,479.35,,1894.0,3218750,-632500
2022-12-23,GUJGASLTD,2022-12-29,493.0,497.55,464.0,466.95,466.95,,3025.0,3851250,-370000
2022-12-22,GUJGASLTD,2022-12-29,515.45,516.05,494.25,496.4,496.4,,1688.0,4221250,-68750
2022-12-21,GUJGASLTD,2022-12-29,527.05,534.95,513.1,515.15,515.15,,1738.0,4290000,-138750
2022-12-20,GUJGASLTD,2022-12-29,524.6,527.0,518.05,525.55,525.55,,1268.0,4428750,-11250
2022-12-19,GUJGASLTD,2022-12-29,519.85,528.45,514.2,526.95,526.95,,2193.0,4440000,42500
2022-12-16,GUJGASLTD,2022-12-29,529.95,530.95,518.5,519.85,519.85,,1915.0,4397500,-227500
2022-12-15,GUJGASLTD,2022-12-29,527.0,540.95,524.85,530.4,530.4,,2825.0,4625000,65000
2022-12-14,GUJGASLTD,2022-12-29,527.0,529.95,521.35,527.2,527.2,,1057.0,4560000,-31250
2022-12-13,GUJGASLTD,2022-12-29,525.25,532.0,522.8,525.2,525.2,,1159.0,4591250,-161250
2022-12-12,GUJGASLTD,2022-12-29,519.1,526.8,508.5,523.95,523.95,,2229.0,4752500,-131250
2022-12-09,GUJGASLTD,2022-12-29,519.25,536.7,518.15,521.65,521.65,,3843.0,4883750,197500
2022-12-08,GUJGASLTD,2022-12-29,507.65,521.85,506.7,520.8,520.8,,1773.0,4686250,-130000
2022-12-07,GUJGASLTD,2022-12-29,511.25,513.0,506.45,507.55,507.55,,1133.0,4816250,-20000
2022-12-06,GUJGASLTD,2022-12-29,510.25,512.7,505.55,510.55,510.55,,1000.0,4836250,-22500
2022-12-05,GUJGASLTD,2022-12-29,520.2,520.5,505.55,510.15,510.15,,2118.0,4858750,-261250
2022-12-02,GUJGASLTD,2022-12-29,511.65,525.7,509.85,519.65,519.65,,3740.0,5120000,115000
2022-12-01,GUJGASLTD,2022-12-29,504.75,520.8,504.75,510.15,510.15,,4054.0,5005000,580000
2022-11-30,GUJGASLTD,2022-12-29,502.0,512.9,497.65,502.4,502.4,,2493.0,4425000,278750
2022-11-29,GUJGASLTD,2022-12-29,510.35,512.15,499.1,501.05,501.05,,1467.0,4146250,-13750
2022-11-28,GUJGASLTD,2022-12-29,493.8,512.5,492.05,507.65,507.65,,2247.0,4160000,60000
2022-11-25,GUJGASLTD,2022-12-29,495.0,496.25,486.35,493.3,493.3,,2327.0,4100000,931250
2022-11-24,GUJGASLTD,2022-11-24,500.95,506.0,491.25,493.15,493.95,,1792.0,836250,-485000
2022-11-23,GUJGASLTD,2022-11-24,502.35,504.6,495.5,501.1,501.1,,1375.0,1321250,-663750
2022-11-22,GUJGASLTD,2022-11-24,503.0,513.0,498.0,503.65,503.65,,2214.0,1985000,-680000
2022-11-21,GUJGASLTD,2022-11-24,497.75,505.0,496.05,502.55,502.55,,1680.0,2665000,-792500
2022-11-18,GUJGASLTD,2022-11-24,490.0,503.75,488.95,499.3,499.3,,2470.0,3457500,-280000
2022-11-17,GUJGASLTD,2022-11-24,503.95,508.5,494.6,496.8,496.8,,1310.0,3737500,212500
2022-11-16,GUJGASLTD,2022-11-24,514.6,518.5,501.4,504.7,504.7,,1978.0,3525000,-32500
2022-11-15,GUJGASLTD,2022-11-24,486.1,515.55,484.15,514.6,514.6,,3694.0,3557500,-512500
2022-11-14,GUJGASLTD,2022-11-24,479.05,489.0,475.65,483.95,483.95,,1666.0,4070000,-466250
2022-11-11,GUJGASLTD,2022-11-24,501.0,502.35,477.85,479.9,479.9,,3500.0,4536250,-101250
2022-11-10,GUJGASLTD,2022-11-24,506.95,520.0,493.25,498.5,498.5,,4766.0,4637500,93750
2022-11-09,GUJGASLTD,2022-11-24,519.0,520.5,506.35,508.3,508.3,,893.0,4543750,22500
2022-11-07,GUJGASLTD,2022-11-24,515.8,521.7,514.1,518.3,518.3,,986.0,4521250,-235000
2022-11-04,GUJGASLTD,2022-11-24,519.4,520.9,511.6,514.9,514.9,,766.0,4756250,-61250
2022-11-03,GUJGASLTD,2022-11-24,522.05,523.6,516.1,517.85,517.85,,644.0,4817500,-88750
2022-11-01,GUJGASLTD,2022-11-24,519.5,524.3,516.05,521.4,521.4,,948.0,4943750,-73750
2022-10-31,GUJGASLTD,2022-11-24,517.5,523.1,508.85,518.2,518.2,,2886.0,5017500,37500
2022-10-28,GUJGASLTD,2022-11-24,516.95,523.4,513.0,514.9,514.9,,1245.0,4980000,37500
2022-10-27,GUJGASLTD,2022-10-27,518.5,523.3,511.8,519.65,518.25,,1259.0,661250,-557500
2022-10-27,GUJGASLTD,2022-11-24,512.85,518.2,506.4,515.3,515.3,,1855.0,4942500,310000
2022-10-25,GUJGASLTD,2022-11-24,505.45,523.55,498.9,512.8,512.8,,2662.0,4632500,660000
2022-10-25,GUJGASLTD,2022-10-27,506.7,529.55,505.0,517.3,517.3,,2519.0,1218750,-988750
2022-10-21,GUJGASLTD,2022-11-24,477.3,497.4,477.3,495.5,495.5,,2485.0,3908750,291250
2022-10-21,GUJGASLTD,2022-10-27,485.95,503.4,484.7,502.2,502.2,,4281.0,2177500,-2435000
2022-10-20,GUJGASLTD,2022-10-27,479.05,486.0,476.15,482.95,482.95,,2442.0,4612500,-1541250
2022-10-20,GUJGASLTD,2022-11-24,470.5,478.5,467.0,475.35,475.35,,1639.0,3617500,226250
2022-10-19,GUJGASLTD,2022-10-27,474.55,490.7,473.8,479.3,479.3,,2531.0,6153750,-402500
2022-10-19,GUJGASLTD,2022-11-24,468.0,480.15,466.35,470.35,470.35,,1448.0,3391250,1308750
2022-10-18,GUJGASLTD,2022-11-24,467.7,468.4,456.4,466.7,466.7,,1247.0,2082500,1080000
2022-10-18,GUJGASLTD,2022-10-27,478.95,478.95,465.35,474.8,474.8,,2942.0,6556250,-51250
2022-10-17,GUJGASLTD,2022-11-24,463.9,466.0,454.55,459.35,459.35,,263.0,1002500,163750
2022-10-17,GUJGASLTD,2022-10-27,473.45,476.0,462.7,469.1,469.1,,1201.0,6607500,-56250
2022-10-14,GUJGASLTD,2022-10-27,471.55,480.7,461.15,472.35,472.35,,3045.0,6663750,-116250
2022-10-13,GUJGASLTD,2022-10-27,471.45,477.45,465.65,467.85,467.85,,960.0,6780000,17500
2022-10-12,GUJGASLTD,2022-10-27,479.55,479.65,460.2,472.45,472.45,,2074.0,6762500,37500
2022-10-11,GUJGASLTD,2022-10-27,491.65,491.65,473.15,475.55,475.55,,1002.0,6725000,-37500
2022-10-10,GUJGASLTD,2022-10-27,475.35,492.0,475.35,489.05,489.05,,1483.0,6762500,-208750
2022-10-07,GUJGASLTD,2022-10-27,488.25,495.05,473.65,480.75,480.75,,1669.0,6971250,332500
2022-10-06,GUJGASLTD,2022-10-27,490.05,494.0,483.5,489.9,489.9,,1176.0,6638750,-38750
2022-10-04,GUJGASLTD,2022-10-27,483.65,488.9,475.75,484.25,484.25,,1667.0,6677500,-57500
2022-10-03,GUJGASLTD,2022-10-27,486.5,489.35,473.35,474.3,474.3,,1578.0,6735000,195000
2022-09-30,GUJGASLTD,2022-10-27,506.2,508.4,477.1,484.75,484.75,,2150.0,6540000,483750
2022-09-29,GUJGASLTD,2022-10-27,496.95,504.75,493.95,502.8,502.8,,2564.0,6056250,755000
2022-09-29,GUJGASLTD,2022-09-29,512.0,523.0,509.4,516.8,516.3,,1648.0,231250,-688750
2022-09-28,GUJGASLTD,2022-10-27,499.4,506.35,488.2,489.4,489.4,,1824.0,5301250,557500
2022-09-28,GUJGASLTD,2022-09-29,512.05,521.0,502.45,504.75,504.75,,1712.0,920000,-766250
2022-09-27,GUJGASLTD,2022-10-27,482.55,505.65,480.9,502.4,502.4,,4838.0,4743750,1607500
2022-09-27,GUJGASLTD,2022-09-29,492.05,519.0,487.85,515.6,515.6,,5365.0,1686250,-2376250
2022-09-26,GUJGASLTD,2022-10-27,477.75,486.45,465.4,475.5,475.5,,2498.0,3136250,941250
2022-09-26,GUJGASLTD,2022-09-29,485.85,497.4,475.75,485.15,485.15,,3700.0,4062500,-1675000
2022-09-23,GUJGASLTD,2022-09-29,511.0,513.85,481.5,487.2,487.2,,2542.0,5737500,70000
2022-09-23,GUJGASLTD,2022-10-27,504.0,505.0,473.5,478.1,478.1,,1179.0,2195000,551250
2022-09-22,GUJGASLTD,2022-09-29,499.6,513.5,496.1,508.4,508.4,,2198.0,5667500,-83750
2022-09-22,GUJGASLTD,2022-10-27,493.1,506.2,489.25,500.3,500.3,,837.0,1643750,333750
2022-09-21,GUJGASLTD,2022-09-29,495.85,508.55,491.0,498.55,498.55,,3132.0,5751250,295000
2022-09-20,GUJGASLTD,2022-09-29,499.6,502.9,491.5,494.6,494.6,,2605.0,5456250,431250
2022-09-19,GUJGASLTD,2022-09-29,502.8,504.9,486.9,493.4,493.4,,2882.0,5025000,355000
2022-09-16,GUJGASLTD,2022-09-29,528.95,528.95,498.9,503.8,503.8,,3055.0,4670000,-202500
2022-09-15,GUJGASLTD,2022-09-29,514.55,529.4,510.6,527.55,527.55,,3255.0,4872500,347500
2022-09-14,GUJGASLTD,2022-09-29,508.7,516.95,503.05,511.1,511.1,,1601.0,4525000,11250
2022-09-13,GUJGASLTD,2022-09-29,515.6,520.8,510.45,514.1,514.1,,2717.0,4513750,-67500
2022-09-12,GUJGASLTD,2022-09-29,511.7,516.35,502.15,511.3,511.3,,2305.0,4581250,-41250
2022-09-09,GUJGASLTD,2022-09-29,490.95,519.75,487.95,508.1,508.1,,7877.0,4622500,682500
2022-09-08,GUJGASLTD,2022-09-29,488.95,491.75,484.05,487.85,487.85,,851.0,3940000,-118750
2022-09-07,GUJGASLTD,2022-09-29,474.4,491.45,474.3,484.85,484.85,,2071.0,4058750,-96250
2022-09-06,GUJGASLTD,2022-09-29,481.7,484.25,474.1,476.15,476.15,,1296.0,4155000,107500
2022-09-05,GUJGASLTD,2022-09-29,481.1,486.0,475.5,482.15,482.15,,904.0,4047500,-38750
2022-09-02,GUJGASLTD,2022-09-29,480.25,485.6,475.25,481.35,481.35,,1530.0,4086250,-48750
2022-09-01,GUJGASLTD,2022-09-29,468.95,491.5,465.65,478.5,478.5,,3120.0,4135000,-756250
2022-08-30,GUJGASLTD,2022-09-29,463.85,469.95,460.2,469.4,469.4,,1177.0,4891250,-162500
2022-08-29,GUJGASLTD,2022-09-29,440.05,463.4,440.05,459.4,459.4,,1904.0,5053750,-115000
2022-08-26,GUJGASLTD,2022-09-29,469.65,472.3,455.0,456.6,456.6,,2058.0,5168750,348750
2022-08-25,GUJGASLTD,2022-09-29,474.95,476.4,465.0,466.3,466.3,,1925.0,4820000,683750
2022-08-24,GUJGASLTD,2022-08-25,491.1,493.35,476.75,479.85,479.85,,2032.0,885000,-897500
2022-08-23,GUJGASLTD,2022-08-25,475.05,493.05,474.3,490.2,490.2,,3161.0,1782500,-1527500
2022-08-22,GUJGASLTD,2022-08-25,473.75,495.0,469.15,480.45,480.45,,4038.0,3310000,-1806250
2022-08-19,GUJGASLTD,2022-08-25,482.65,483.6,471.5,475.55,475.55,,1789.0,5116250,-42500
2022-08-18,GUJGASLTD,2022-08-25,485.0,489.7,479.1,483.6,483.6,,1892.0,5158750,-25000
2022-08-17,GUJGASLTD,2022-08-25,473.05,486.5,461.8,483.8,483.8,,3825.0,5183750,-62500
2022-08-16,GUJGASLTD,2022-08-25,480.0,480.0,470.0,477.85,477.85,,2456.0,5246250,300000
2022-08-12,GUJGASLTD,2022-08-25,463.95,486.5,460.2,476.55,476.55,,5376.0,4946250,-296250
2022-08-11,GUJGASLTD,2022-08-25,457.05,478.9,457.0,463.1,463.1,,7434.0,5242500,810000
2022-08-10,GUJGASLTD,2022-08-25,442.05,456.8,440.05,452.9,452.9,,2909.0,4432500,-461250
2022-08-08,GUJGASLTD,2022-08-25,437.75,445.45,432.1,443.05,443.05,,1797.0,4893750,-147500
2022-08-05,GUJGASLTD,2022-08-25,431.2,442.4,431.15,434.6,434.6,,2281.0,5041250,-257500
2022-08-04,GUJGASLTD,2022-08-25,454.4,460.35,427.65,434.45,434.45,,6248.0,5298750,2096250
2022-08-03,GUJGASLTD,2022-08-25,465.85,467.2,454.7,462.55,462.55,,1959.0,3202500,-13750
2022-08-02,GUJGASLTD,2022-08-25,465.8,472.15,461.5,463.35,463.35,,1071.0,3216250,140000
2022-08-01,GUJGASLTD,2022-08-25,449.95,484.2,449.95,470.8,470.8,,4000.0,3076250,-388750
2022-07-29,GUJGASLTD,2022-08-25,444.05,452.8,442.55,446.45,446.45,,990.0,3465000,-198750
2022-07-28,GUJGASLTD,2022-08-25,447.05,447.05,437.15,439.65,439.65,,1716.0,3663750,396250
2022-07-28,GUJGASLTD,2022-07-28,450.05,453.4,441.85,442.8,444.2,,1368.0,245000,-580000
2022-07-27,GUJGASLTD,2022-07-28,439.0,454.55,438.45,451.55,451.55,,2231.0,825000,-1033750
2022-07-27,GUJGASLTD,2022-08-25,438.25,446.2,434.3,443.4,443.4,,1918.0,3267500,580000
2022-07-26,GUJGASLTD,2022-07-28,450.75,454.3,441.15,442.9,442.9,,1719.0,1858750,-893750
2022-07-26,GUJGASLTD,2022-08-25,451.5,451.5,436.45,438.2,438.2,,1377.0,2687500,750000
2022-07-25,GUJGASLTD,2022-07-28,447.95,458.75,446.5,454.7,454.7,,1993.0,2752500,-680000
2022-07-25,GUJGASLTD,2022-08-25,445.15,455.0,441.8,451.25,451.25,,1494.0,1937500,563750
2022-07-22,GUJGASLTD,2022-07-28,455.95,457.35,445.35,448.65,448.65,,1319.0,3432500,-47500
2022-07-22,GUJGASLTD,2022-08-25,450.45,451.25,441.5,445.15,445.15,,768.0,1373750,337500
2022-07-21,GUJGASLTD,2022-07-28,449.8,454.45,443.5,453.45,453.45,,1171.0,3480000,21250
2022-07-21,GUJGASLTD,2022-08-25,445.0,449.35,440.0,447.9,447.9,,511.0,1036250,258750
2022-07-20,GUJGASLTD,2022-07-28,454.65,468.85,445.0,447.9,447.9,,3141.0,3458750,21250
2022-07-19,GUJGASLTD,2022-07-28,448.7,459.9,445.55,447.45,447.45,,1408.0,3437500,33750
2022-07-18,GUJGASLTD,2022-07-28,447.4,459.55,443.9,455.3,455.3,,975.0,3403750,-295000
2022-07-15,GUJGASLTD,2022-07-28,449.0,454.5,444.1,453.2,453.2,,632.0,3698750,-50000
2022-07-14,GUJGASLTD,2022-07-28,451.55,454.95,446.5,449.0,449.0,,952.0,3748750,-211250
2022-07-13,GUJGASLTD,2022-07-28,443.8,458.8,443.8,453.4,453.4,,2406.0,3960000,-608750
2022-07-12,GUJGASLTD,2022-07-28,442.6,448.85,440.4,441.95,441.95,,1290.0,4568750,191250
2022-07-11,GUJGASLTD,2022-07-28,437.05,444.8,433.7,443.2,443.2,,1058.0,4377500,35000
2022-07-08,GUJGASLTD,2022-07-28,454.85,454.85,438.9,442.65,442.65,,1541.0,4342500,-3750
2022-07-07,GUJGASLTD,2022-07-28,447.95,455.75,443.05,451.3,451.3,,3642.0,4346250,693750
2022-07-06,GUJGASLTD,2022-07-28,433.65,446.85,426.4,443.8,443.8,,3389.0,3652500,333750
2022-07-05,GUJGASLTD,2022-07-28,434.2,442.8,429.45,431.05,431.05,,2107.0,3318750,-262500
2022-07-04,GUJGASLTD,2022-07-28,422.0,442.0,419.75,436.1,436.1,,3808.0,3581250,-167500
2022-07-01,GUJGASLTD,2022-07-28,425.0,425.05,413.05,421.15,421.15,,1410.0,3748750,-81250
2022-06-30,GUJGASLTD,2022-07-28,410.6,419.4,410.6,415.25,415.25,,1674.0,3830000,325000
2022-06-30,GUJGASLTD,2022-06-30,419.3,423.25,413.85,418.45,418.9,,1517.0,472500,-600000
2022-06-29,GUJGASLTD,2022-06-30,426.05,431.2,417.6,419.9,419.9,,1774.0,1072500,-743750
2022-06-29,GUJGASLTD,2022-07-28,429.4,429.4,413.95,415.85,415.85,,1884.0,3505000,590000
2022-06-28,GUJGASLTD,2022-06-30,412.65,435.8,412.65,433.95,433.95,,3016.0,1816250,-1355000
2022-06-28,GUJGASLTD,2022-07-28,420.05,432.0,418.25,430.7,430.7,,2557.0,2915000,1031250
2022-06-27,GUJGASLTD,2022-07-28,423.0,426.75,418.95,422.25,422.25,,1850.0,1883750,605000
2022-06-27,GUJGASLTD,2022-06-30,426.4,430.0,422.1,426.0,426.0,,2204.0,3171250,-793750
2022-06-24,GUJGASLTD,2022-06-30,412.9,422.45,407.15,421.4,421.4,,1602.0,3965000,-173750
2022-06-23,GUJGASLTD,2022-06-30,411.25,415.55,404.15,409.9,409.9,,1521.0,4138750,63750
2022-06-22,GUJGASLTD,2022-06-30,414.5,420.6,406.1,408.8,408.8,,1786.0,4075000,76250
2022-06-21,GUJGASLTD,2022-06-30,422.05,426.8,418.15,421.9,421.9,,1141.0,3998750,22500
2022-06-20,GUJGASLTD,2022-06-30,414.95,431.75,410.85,420.25,420.25,,3458.0,3976250,-297500
2022-06-17,GUJGASLTD,2022-06-30,415.1,419.6,406.05,413.05,413.05,,3991.0,4273750,-1081250
2022-06-16,GUJGASLTD,2022-06-30,450.5,455.65,420.35,424.1,424.1,,3497.0,5355000,-70000
2022-06-15,GUJGASLTD,2022-06-30,451.3,463.75,443.2,448.7,448.7,,3496.0,5425000,160000
2022-06-14,GUJGASLTD,2022-06-30,440.25,451.55,436.5,443.95,443.95,,1363.0,5265000,-28750
2022-06-13,GUJGASLTD,2022-06-30,460.3,467.4,442.2,444.1,444.1,,3038.0,5293750,42500
2022-06-10,GUJGASLTD,2022-06-30,486.45,486.45,469.0,473.35,473.35,,3623.0,5251250,1222500
2022-06-09,GUJGASLTD,2022-06-30,480.0,495.0,475.4,493.55,493.55,,4088.0,4028750,157500
2022-06-08,GUJGASLTD,2022-06-30,510.6,511.0,480.55,483.0,483.0,,6859.0,3871250,1746250
2022-06-07,GUJGASLTD,2022-06-30,535.35,543.0,511.8,522.6,522.6,,3040.0,2125000,170000
2022-06-06,GUJGASLTD,2022-06-30,555.1,561.45,548.0,551.3,551.3,,929.0,1955000,-120000
2022-06-03,GUJGASLTD,2022-06-30,576.95,577.0,557.05,559.15,559.15,,1757.0,2075000,43750
2022-06-02,GUJGASLTD,2022-06-30,559.95,578.0,558.85,573.1,573.1,,1233.0,2031250,62500
2022-06-01,GUJGASLTD,2022-06-30,557.4,567.4,557.4,561.7,561.7,,1080.0,1968750,143750
2022-05-31,GUJGASLTD,2022-06-30,553.3,562.3,546.55,557.85,557.85,,1204.0,1825000,82500
2022-05-30,GUJGASLTD,2022-06-30,553.95,565.1,549.35,557.75,557.75,,2103.0,1742500,106250
2022-05-27,GUJGASLTD,2022-06-30,547.25,555.0,537.9,553.8,553.8,,1117.0,1636250,-56250
2022-05-26,GUJGASLTD,2022-05-26,543.75,544.6,537.0,541.05,541.5,,1209.0,405000,-376250
2022-05-25,GUJGASLTD,2022-05-26,550.0,556.3,536.0,539.3,539.3,,1246.0,781250,-190000
2022-05-24,GUJGASLTD,2022-05-26,552.4,559.2,545.25,547.5,547.5,,1937.0,971250,-860000
2022-05-23,GUJGASLTD,2022-05-26,566.35,574.85,552.0,553.75,553.75,,1511.0,1831250,-248750
2022-05-20,GUJGASLTD,2022-05-26,565.1,576.35,564.8,572.05,572.05,,1349.0,2080000,30000
2022-05-19,GUJGASLTD,2022-05-26,564.05,571.5,558.25,560.75,560.75,,954.0,2050000,-130000
2022-05-18,GUJGASLTD,2022-05-26,557.7,584.3,557.7,575.0,575.0,,2106.0,2180000,-11250
2022-05-17,GUJGASLTD,2022-05-26,560.4,564.0,551.05,557.75,557.75,,1600.0,2191250,-346250
2022-05-16,GUJGASLTD,2022-05-26,572.0,577.2,558.35,560.4,560.4,,1494.0,2537500,-73750
2022-05-13,GUJGASLTD,2022-05-26,569.0,580.5,557.2,568.05,568.05,,2894.0,2611250,-11250
2022-05-12,GUJGASLTD,2022-05-26,532.25,570.0,530.4,566.7,566.7,,5184.0,2622500,-20000
2022-05-11,GUJGASLTD,2022-05-26,530.4,555.65,525.3,538.4,538.4,,8378.0,2642500,-463750
2022-05-10,GUJGASLTD,2022-05-26,516.0,528.9,503.5,506.15,506.15,,1700.0,3106250,-208750
2022-05-09,GUJGASLTD,2022-05-26,504.5,522.75,503.9,518.35,518.35,,1642.0,3315000,-67500
2022-05-06,GUJGASLTD,2022-05-26,509.7,513.7,497.3,510.7,510.7,,1363.0,3382500,145000
2022-05-05,GUJGASLTD,2022-05-26,497.45,513.4,493.45,510.25,510.25,,1854.0,3237500,-95000
2022-05-04,GUJGASLTD,2022-05-26,489.95,502.4,486.2,497.4,497.4,,1595.0,3332500,-461250
2022-05-02,GUJGASLTD,2022-05-26,467.45,491.5,467.45,490.6,490.6,,2077.0,3793750,-63750
2022-04-29,GUJGASLTD,2022-05-26,508.0,508.0,473.25,475.45,475.45,,4843.0,3857500,1283750
2022-04-28,GUJGASLTD,2022-04-28,522.25,522.25,507.35,511.65,512.0,,991.0,133750,-650000
2022-04-28,GUJGASLTD,2022-05-26,523.75,524.0,508.8,513.65,513.65,,1642.0,2573750,616250
2022-04-27,GUJGASLTD,2022-05-26,528.8,530.0,516.05,519.6,519.6,,1295.0,1957500,400000
2022-04-27,GUJGASLTD,2022-04-28,512.2,530.25,512.2,519.1,519.1,,892.0,783750,-355000
2022-04-26,GUJGASLTD,2022-04-28,528.95,534.45,523.25,532.55,532.55,,1449.0,1138750,-741250
2022-04-26,GUJGASLTD,2022-05-26,528.0,535.3,523.5,532.8,532.8,,1240.0,1557500,561250
2022-04-25,GUJGASLTD,2022-04-28,502.95,530.9,502.2,524.9,524.9,,1839.0,1880000,-705000
2022-04-22,GUJGASLTD,2022-04-28,516.25,532.65,513.5,514.8,514.8,,1049.0,2585000,-181250
2022-04-21,GUJGASLTD,2022-04-28,517.5,524.6,517.35,523.3,523.3,,458.0,2766250,-95000
2022-04-20,GUJGASLTD,2022-04-28,515.8,518.15,510.15,514.8,514.8,,667.0,2861250,-101250
2022-04-19,GUJGASLTD,2022-04-28,534.7,536.35,505.65,511.9,511.9,,1430.0,2962500,-256250
2022-04-18,GUJGASLTD,2022-04-28,531.8,536.85,525.05,531.55,531.55,,989.0,3218750,-115000
2022-04-13,GUJGASLTD,2022-04-28,537.0,539.15,529.0,533.75,533.75,,1824.0,3333750,-261250
2022-04-12,GUJGASLTD,2022-04-28,538.9,541.0,523.45,528.95,528.95,,1293.0,3595000,-142500
2022-04-11,GUJGASLTD,2022-04-28,535.0,542.0,529.0,539.35,539.35,,1642.0,3737500,-171250
2022-04-08,GUJGASLTD,2022-04-28,520.9,533.8,520.0,530.0,530.0,,1967.0,3908750,-347500
2022-04-07,GUJGASLTD,2022-04-28,527.1,533.4,517.4,519.0,519.0,,2195.0,4256250,-11250
2022-04-06,GUJGASLTD,2022-04-28,523.5,536.5,523.15,526.0,526.0,,4573.0,4267500,10000
2022-04-05,GUJGASLTD,2022-04-28,517.8,525.5,514.7,521.65,521.65,,2748.0,4257500,-188750
2022-04-04,GUJGASLTD,2022-04-28,503.35,517.05,500.25,515.15,515.15,,2939.0,4446250,365000
2022-04-01,GUJGASLTD,2022-04-28,508.05,508.35,495.7,497.9,497.9,,2072.0,4081250,416250
2022-03-31,GUJGASLTD,2022-03-31,493.3,507.25,492.65,502.2,503.2,,1697.0,192500,-952500
2022-03-30,GUJGASLTD,2022-03-31,494.15,498.65,488.7,495.1,495.1,,1816.0,1145000,-948750
2022-03-29,GUJGASLTD,2022-03-31,489.25,492.3,485.25,489.8,489.8,,1660.0,2093750,-1215000
2022-03-28,GUJGASLTD,2022-03-31,494.0,495.2,478.5,484.15,484.15,,2420.0,3308750,-586250
2022-03-25,GUJGASLTD,2022-03-31,505.15,505.15,490.2,493.05,493.05,,1106.0,3895000,-265000
2022-03-24,GUJGASLTD,2022-03-31,477.9,507.5,477.9,500.65,500.65,,1170.0,4160000,46250
2022-03-23,GUJGASLTD,2022-03-31,501.85,512.8,498.6,502.85,502.85,,3271.0,4113750,315000
2022-03-22,GUJGASLTD,2022-03-31,503.65,506.85,489.35,494.05,494.05,,1562.0,3798750,125000
2022-03-21,GUJGASLTD,2022-03-31,507.15,510.0,498.4,500.55,500.55,,1277.0,3673750,97500
2022-03-17,GUJGASLTD,2022-03-31,506.85,512.0,503.9,506.8,506.8,,1773.0,3576250,288750
2022-03-16,GUJGASLTD,2022-03-31,515.55,517.0,503.8,505.1,505.1,,1652.0,3287500,407500
2022-03-15,GUJGASLTD,2022-03-31,516.45,531.15,507.5,510.0,510.0,,2429.0,2880000,-200000
2022-03-14,GUJGASLTD,2022-03-31,513.95,519.2,503.8,513.45,513.45,,1864.0,3080000,270000
2022-03-11,GUJGASLTD,2022-03-31,511.7,520.4,504.55,512.35,512.35,,1966.0,2810000,127500
2022-03-10,GUJGASLTD,2022-03-31,547.4,555.85,506.45,510.1,510.1,,3832.0,2682500,-157500
2022-03-09,GUJGASLTD,2022-03-31,527.2,541.65,505.0,533.5,533.5,,3291.0,2840000,-76250
2022-03-08,GUJGASLTD,2022-03-31,505.0,531.95,494.8,523.9,523.9,,3941.0,2916250,47500
2022-03-07,GUJGASLTD,2022-03-31,507.45,513.6,485.05,498.55,498.55,,1696.0,2868750,80000
2022-03-04,GUJGASLTD,2022-03-31,523.0,541.25,500.0,528.1,528.1,,3580.0,2788750,43750
2022-03-03,GUJGASLTD,2022-03-31,562.95,572.1,525.1,528.1,528.1,,1906.0,2745000,352500
2022-03-02,GUJGASLTD,2022-03-31,581.35,584.6,555.85,566.8,566.8,,1302.0,2392500,128750
2022-02-28,GUJGASLTD,2022-03-31,592.35,594.0,579.0,584.75,584.75,,1162.0,2263750,28750
2022-02-25,GUJGASLTD,2022-03-31,586.35,608.25,580.0,601.05,601.05,,1234.0,2235000,100000
2022-02-24,GUJGASLTD,2022-03-31,600.0,610.15,566.45,572.05,572.05,,2197.0,2135000,113750
2022-02-23,GUJGASLTD,2022-02-24,647.15,655.35,619.5,622.4,622.4,,736.0,385000,-170000
2022-02-22,GUJGASLTD,2022-02-24,640.7,655.0,635.05,644.8,644.8,,1627.0,555000,-751250
2022-02-21,GUJGASLTD,2022-02-24,660.0,673.1,653.0,661.25,661.25,,1530.0,1306250,-723750
2022-02-18,GUJGASLTD,2022-02-24,654.3,667.5,654.3,660.35,660.35,,581.0,2030000,-133750
2022-02-17,GUJGASLTD,2022-02-24,658.95,666.0,654.5,657.85,657.85,,472.0,2163750,-57500
2022-02-16,GUJGASLTD,2022-02-24,656.05,663.0,649.4,654.9,654.9,,1116.0,2221250,-12500
2022-02-15,GUJGASLTD,2022-02-24,640.1,659.1,626.0,656.0,656.0,,1590.0,2233750,82500
2022-02-14,GUJGASLTD,2022-02-24,624.55,645.0,611.95,636.45,636.45,,1957.0,2151250,338750
2022-02-11,GUJGASLTD,2022-02-24,637.4,652.25,631.7,635.4,635.4,,996.0,1812500,11250
2022-02-10,GUJGASLTD,2022-02-24,655.4,658.8,643.4,648.4,648.4,,798.0,1801250,-26250
2022-02-09,GUJGASLTD,2022-02-24,638.6,673.75,627.85,660.55,660.55,,4140.0,1827500,-108750
2022-02-08,GUJGASLTD,2022-02-24,695.95,697.0,662.4,666.3,666.3,,1165.0,1936250,-70000
2022-02-07,GUJGASLTD,2022-02-24,681.0,698.0,676.3,691.4,691.4,,654.0,2006250,-146250
2022-02-04,GUJGASLTD,2022-02-24,683.2,693.6,668.45,683.6,683.6,,1033.0,2152500,102500
2022-02-03,GUJGASLTD,2022-02-24,695.75,701.05,678.05,681.5,681.5,,845.0,2050000,175000
2022-02-02,GUJGASLTD,2022-02-24,680.9,704.7,680.85,696.0,696.0,,1114.0,1875000,197500
2022-02-01,GUJGASLTD,2022-02-24,676.1,690.9,672.95,683.7,683.7,,738.0,1677500,-83750
2022-01-31,GUJGASLTD,2022-02-24,685.15,691.55,672.85,676.05,676.05,,495.0,1761250,93750
2022-01-28,GUJGASLTD,2022-02-24,694.95,712.65,677.1,680.05,680.05,,882.0,1667500,163750
2022-01-27,GUJGASLTD,2022-01-27,686.0,697.45,665.0,688.8,689.55,,770.0,136250,-298750
2022-01-25,GUJGASLTD,2022-01-27,681.1,697.6,673.0,692.7,692.7,,790.0,435000,-250000
2022-01-24,GUJGASLTD,2022-01-27,695.35,699.4,674.0,689.8,689.8,,1543.0,685000,-776250
2022-01-21,GUJGASLTD,2022-01-27,690.3,713.8,686.35,699.3,699.3,,1623.0,1461250,-397500
2022-01-20,GUJGASLTD,2022-01-27,694.25,705.1,675.6,702.0,702.0,,950.0,1858750,-83750
2022-01-19,GUJGASLTD,2022-01-27,684.2,699.7,673.0,697.9,697.9,,982.0,1942500,55000
2022-01-18,GUJGASLTD,2022-01-27,695.4,699.8,672.25,675.65,675.65,,938.0,1887500,-5000
2022-01-17,GUJGASLTD,2022-01-27,709.25,709.25,687.0,697.35,697.35,,649.0,1892500,-127500
2022-01-14,GUJGASLTD,2022-01-27,714.25,724.8,697.35,707.0,707.0,,1667.0,2020000,-58750
2022-01-13,GUJGASLTD,2022-01-27,712.45,721.2,708.2,717.7,717.7,,549.0,2078750,-7500
2022-01-12,GUJGASLTD,2022-01-27,715.4,717.95,710.45,714.1,714.1,,602.0,2086250,-50000
2022-01-11,GUJGASLTD,2022-01-27,689.5,715.65,688.5,713.6,713.6,,1419.0,2136250,-170000
2022-01-10,GUJGASLTD,2022-01-27,690.0,708.7,690.0,694.55,694.55,,2124.0,2306250,220000
2022-01-07,GUJGASLTD,2022-01-27,668.25,687.9,664.05,685.25,685.25,,1875.0,2086250,-33750
2022-01-06,GUJGASLTD,2022-01-27,640.0,671.9,638.05,670.25,670.25,,1643.0,2120000,-180000
2022-01-05,GUJGASLTD,2022-01-27,649.65,650.5,642.1,643.95,643.95,,348.0,2300000,-76250
2022-01-04,GUJGASLTD,2022-01-27,648.85,652.95,642.3,651.25,651.25,,681.0,2376250,-15000
2022-01-03,GUJGASLTD,2022-01-27,637.35,647.85,637.35,644.3,644.3,,820.0,2391250,143750
2021-12-31,GUJGASLTD,2022-01-27,627.45,642.0,627.45,638.25,638.25,,508.0,2247500,46250
2021-12-30,GUJGASLTD,2021-12-30,634.35,634.35,619.45,625.85,625.95,,1283.0,97500,-661250
2021-12-29,GUJGASLTD,2021-12-30,636.9,641.05,627.75,632.35,632.35,,654.0,758750,-372500
2021-12-28,GUJGASLTD,2021-12-30,626.35,640.6,626.35,637.75,637.75,,959.0,1131250,-532500
2021-12-27,GUJGASLTD,2021-12-30,624.4,631.0,620.5,626.15,626.15,,587.0,1663750,-245000
2021-12-24,GUJGASLTD,2021-12-30,632.1,637.9,625.25,630.4,630.4,,593.0,1908750,-27500
2021-12-23,GUJGASLTD,2021-12-30,636.2,638.0,628.75,634.4,634.4,,786.0,1936250,-38750
2021-12-22,GUJGASLTD,2021-12-30,627.2,635.9,624.45,629.1,629.1,,1216.0,1975000,-20000
2021-12-21,GUJGASLTD,2021-12-30,621.1,635.8,611.9,626.75,626.75,,835.0,1995000,-81250
2021-12-20,GUJGASLTD,2021-12-30,615.6,616.7,590.35,610.9,610.9,,1371.0,2076250,-138750
2021-12-17,GUJGASLTD,2021-12-30,635.65,635.65,618.25,627.0,627.0,,708.0,2215000,-58750
2021-12-16,GUJGASLTD,2021-12-30,655.95,655.95,628.4,640.05,640.05,,1101.0,2273750,25000
2021-12-15,GUJGASLTD,2021-12-30,665.65,677.6,638.05,649.85,649.85,,1961.0,2248750,72500
2021-12-14,GUJGASLTD,2021-12-30,659.35,670.2,659.35,668.15,668.15,,462.0,2176250,1250
2021-12-13,GUJGASLTD,2021-12-30,667.8,676.85,665.55,667.7,667.7,,570.0,2175000,65000
2021-12-10,GUJGASLTD,2021-12-30,667.95,678.0,664.9,667.0,667.0,,835.0,2110000,-47500
2021-12-09,GUJGASLTD,2021-12-30,666.75,670.95,660.25,665.15,665.15,,369.0,2157500,25000
2021-12-08,GUJGASLTD,2021-12-30,671.25,671.35,659.5,667.9,667.9,,428.0,2132500,7500
2021-12-07,GUJGASLTD,2021-12-30,664.8,670.1,652.5,664.6,664.6,,1051.0,2125000,-23750
2021-12-06,GUJGASLTD,2021-12-30,666.0,670.95,652.45,659.1,659.1,,1791.0,2148750,-128750
2021-12-03,GUJGASLTD,2021-12-30,690.95,696.5,655.65,663.25,663.25,,2126.0,2277500,-237500
2021-12-02,GUJGASLTD,2021-12-30,664.8,698.85,664.8,690.3,690.3,,3268.0,2515000,518750
2021-12-01,GUJGASLTD,2021-12-30,673.75,676.05,652.2,665.95,665.95,,1061.0,1996250,80000
2021-11-30,GUJGASLTD,2021-12-30,655.6,679.7,655.55,671.2,671.2,,1094.0,1916250,-27500
2021-11-29,GUJGASLTD,2021-12-30,660.05,666.55,635.15,661.4,661.4,,656.0,1943750,-25000
2021-11-26,GUJGASLTD,2021-12-30,660.15,679.7,650.7,657.45,657.45,,1329.0,1968750,-106250
2021-11-25,GUJGASLTD,2021-11-25,650.45,664.0,650.0,662.05,662.95,,997.0,180000,-636250
2021-11-24,GUJGASLTD,2021-11-25,650.1,667.65,650.1,657.3,657.3,,1384.0,816250,-661250
2021-11-23,GUJGASLTD,2021-11-25,618.5,652.5,618.5,648.15,648.15,,1243.0,1477500,-437500
2021-11-22,GUJGASLTD,2021-11-25,635.0,644.95,613.65,624.25,624.25,,3245.0,1915000,-601250
2021-11-18,GUJGASLTD,2021-11-25,659.65,660.0,625.65,639.55,639.55,,1747.0,2516250,-290000
2021-11-17,GUJGASLTD,2021-11-25,664.05,674.5,654.6,658.25,658.25,,815.0,2806250,-41250
2021-11-16,GUJGASLTD,2021-11-25,674.25,683.9,659.9,668.85,668.85,,1209.0,2847500,-172500
2021-11-15,GUJGASLTD,2021-11-25,672.5,684.0,666.3,676.0,676.0,,1394.0,3020000,-146250
2021-11-12,GUJGASLTD,2021-11-25,657.4,676.45,654.2,669.3,669.3,,1324.0,3166250,-62500
2021-11-11,GUJGASLTD,2021-11-25,658.0,664.65,648.25,655.6,655.6,,885.0,3228750,-72500
2021-11-10,GUJGASLTD,2021-11-25,645.3,662.3,643.05,659.65,659.65,,1337.0,3301250,-133750
2021-11-09,GUJGASLTD,2021-11-25,630.65,657.0,630.65,648.5,648.5,,2294.0,3435000,-156250
2021-11-08,GUJGASLTD,2021-11-25,639.85,639.85,621.75,628.0,628.0,,764.0,3591250,-126250
2021-11-04,GUJGASLTD,2021-11-25,634.95,639.2,634.95,637.15,637.15,,55.0,3717500,-20000
2021-11-03,GUJGASLTD,2021-11-25,640.0,645.8,632.6,635.7,635.7,,822.0,3737500,-67500
2021-11-02,GUJGASLTD,2021-11-25,639.2,651.0,634.0,640.75,640.75,,1198.0,3805000,-150000
2021-11-01,GUJGASLTD,2021-11-25,632.45,643.0,623.3,640.55,640.55,,1927.0,3955000,81250
2021-10-29,GUJGASLTD,2021-11-25,600.0,626.0,578.1,621.95,621.95,,2408.0,3873750,-400000
2021-10-28,GUJGASLTD,2021-11-25,593.0,606.35,576.6,593.95,593.95,,5224.0,4273750,551250
2021-10-27,GUJGASLTD,2021-10-28,560.25,601.75,560.25,597.5,597.5,,1785.0,1417500,-948750
2021-10-26,GUJGASLTD,2021-10-28,581.75,596.45,581.75,595.05,595.05,,1704.0,2366250,-845000
2021-10-25,GUJGASLTD,2021-10-28,608.0,617.75,582.7,587.3,587.3,,2880.0,3211250,-860000
2021-10-22,GUJGASLTD,2021-10-28,633.15,639.6,611.2,614.65,614.65,,1499.0,4071250,-520000
2021-10-21,GUJGASLTD,2021-10-28,652.4,652.45,625.15,629.65,629.65,,809.0,4591250,-143750
2021-10-20,GUJGASLTD,2021-10-28,632.2,646.05,620.55,635.85,635.85,,3134.0,4735000,-103750
2021-10-19,GUJGASLTD,2021-10-28,669.95,671.95,632.45,637.6,637.6,,3410.0,4838750,-200000
2021-10-18,GUJGASLTD,2021-10-28,623.85,667.65,623.85,662.8,662.8,,4799.0,5038750,-425000
2021-10-14,GUJGASLTD,2021-10-28,627.2,639.3,625.0,629.45,629.45,,1055.0,5463750,-81250
2021-10-13,GUJGASLTD,2021-10-28,621.55,638.85,621.55,633.4,633.4,,2109.0,5545000,-342500
2021-10-12,GUJGASLTD,2021-10-28,623.8,626.3,618.2,621.8,621.8,,922.0,5887500,-31250
2021-10-11,GUJGASLTD,2021-10-28,624.7,630.0,621.8,622.75,622.75,,1198.0,5918750,-110000
2021-10-08,GUJGASLTD,2021-10-28,633.2,642.15,625.2,626.7,626.7,,2465.0,6028750,167500
2021-10-07,GUJGASLTD,2021-10-28,629.75,641.6,627.35,638.15,638.15,,3813.0,5861250,-307500
2021-10-06,GUJGASLTD,2021-10-28,634.0,647.35,620.5,623.9,623.9,,5587.0,6168750,-407500
2021-10-05,GUJGASLTD,2021-10-28,629.0,639.0,617.35,630.65,630.65,,4926.0,6576250,13750
2021-10-04,GUJGASLTD,2021-10-28,616.0,621.0,610.55,611.35,611.35,,1647.0,6562500,-70000
2021-10-01,GUJGASLTD,2021-10-28,640.0,648.0,611.05,616.05,616.05,,3964.0,6632500,295000
2021-09-30,GUJGASLTD,2021-10-28,635.0,642.8,624.65,640.85,640.85,,3964.0,6337500,210000
2021-09-30,GUJGASLTD,2021-09-30,632.0,639.5,622.75,637.4,637.45,,1880.0,238750,-1062500
2021-09-29,GUJGASLTD,2021-10-28,621.5,634.0,620.25,629.5,629.5,,4334.0,6127500,1438750
2021-09-29,GUJGASLTD,2021-09-30,621.0,633.0,618.45,627.8,627.8,,3333.0,1301250,-1053750
2021-09-28,GUJGASLTD,2021-09-30,613.85,624.3,608.7,618.6,618.6,,2243.0,2355000,-700000
2021-09-27,GUJGASLTD,2021-09-30,616.85,623.3,609.5,618.05,618.05,,1832.0,3055000,-991250
2021-09-24,GUJGASLTD,2021-09-30,632.85,635.7,617.75,622.25,622.25,,1356.0,4046250,-417500
2021-09-23,GUJGASLTD,2021-09-30,627.7,637.2,626.0,629.0,629.0,,1154.0,4463750,1250
2021-09-22,GUJGASLTD,2021-09-30,632.55,644.5,624.15,626.05,626.05,,1152.0,4462500,58750
2021-09-21,GUJGASLTD,2021-09-30,622.55,640.7,610.05,635.45,635.45,,2865.0,4403750,108750
2021-09-20,GUJGASLTD,2021-09-30,647.1,656.4,631.65,638.5,638.5,,1754.0,4295000,-161250
2021-09-17,GUJGASLTD,2021-09-30,684.3,689.0,660.0,663.65,663.65,,1467.0,4456250,33750
2021-09-16,GUJGASLTD,2021-09-30,682.5,688.6,676.45,684.2,684.2,,1518.0,4422500,-65000
2021-09-15,GUJGASLTD,2021-09-30,677.0,692.0,675.0,676.65,676.65,,2264.0,4487500,393750
2021-09-14,GUJGASLTD,2021-09-30,678.0,680.35,669.25,674.05,674.05,,1031.0,4093750,87500
2021-09-13,GUJGASLTD,2021-09-30,675.95,687.45,675.95,678.45,678.45,,1367.0,4006250,411250
2021-09-09,GUJGASLTD,2021-09-30,689.85,694.2,680.3,682.3,682.3,,1063.0,3595000,312500
2021-09-08,GUJGASLTD,2021-09-30,698.45,700.45,687.6,691.75,691.75,,858.0,3282500,96250
2021-09-07,GUJGASLTD,2021-09-30,680.25,702.0,677.0,696.05,696.05,,2372.0,3186250,237500
2021-09-06,GUJGASLTD,2021-09-30,701.15,704.3,685.3,687.3,687.3,,1387.0,2948750,218750
2021-09-03,GUJGASLTD,2021-09-30,704.2,710.6,695.6,701.4,701.4,,1048.0,2730000,246250
2021-09-02,GUJGASLTD,2021-09-30,706.05,713.25,702.1,705.5,705.5,,1076.0,2483750,293750
2021-09-01,GUJGASLTD,2021-09-30,725.0,731.0,703.5,705.5,705.5,,1588.0,2190000,306250
2021-08-31,GUJGASLTD,2021-09-30,714.2,734.0,709.2,722.95,722.95,,1766.0,1883750,-8750
2021-08-30,GUJGASLTD,2021-09-30,712.9,722.5,711.0,712.65,712.65,,652.0,1892500,126250
2021-08-27,GUJGASLTD,2021-09-30,702.2,712.7,698.85,710.7,710.7,,916.0,1766250,41250
2021-08-26,GUJGASLTD,2021-09-30,715.25,720.0,705.55,709.95,709.95,,1451.0,1725000,266250
2021-08-25,GUJGASLTD,2021-08-26,731.35,731.4,711.4,712.65,712.65,,1013.0,503750,-413750
2021-08-24,GUJGASLTD,2021-08-26,714.7,733.0,714.7,725.6,725.6,,2810.0,917500,-442500
2021-08-23,GUJGASLTD,2021-08-26,720.3,721.55,690.25,697.55,697.55,,1355.0,1360000,-437500
2021-08-20,GUJGASLTD,2021-08-26,720.0,730.05,708.5,713.55,713.55,,1564.0,1797500,-280000
2021-08-18,GUJGASLTD,2021-08-26,733.05,739.9,720.0,726.15,726.15,,726.0,2077500,-51250
2021-08-17,GUJGASLTD,2021-08-26,738.25,742.9,722.25,733.9,733.9,,882.0,2128750,-70000
2021-08-16,GUJGASLTD,2021-08-26,743.05,757.7,735.75,739.6,739.6,,2214.0,2198750,138750
2021-08-13,GUJGASLTD,2021-08-26,747.25,750.8,731.9,737.65,737.65,,943.0,2060000,-97500
2021-08-12,GUJGASLTD,2021-08-26,728.15,745.0,728.15,742.1,742.1,,1581.0,2157500,-98750
2021-08-11,GUJGASLTD,2021-08-26,721.7,729.5,706.0,727.4,727.4,,1261.0,2256250,-17500
2021-08-10,GUJGASLTD,2021-08-26,714.0,734.95,712.0,719.95,719.95,,780.0,2273750,-138750
2021-08-09,GUJGASLTD,2021-08-26,738.0,754.9,707.05,725.9,725.9,,2663.0,2412500,-60000
2021-08-06,GUJGASLTD,2021-08-26,776.05,781.3,730.8,735.05,735.05,,4721.0,2472500,893750
2021-08-05,GUJGASLTD,2021-08-26,774.95,782.5,760.95,774.3,774.3,,1470.0,1578750,167500
2021-08-04,GUJGASLTD,2021-08-26,762.1,785.0,760.05,772.7,772.7,,1692.0,1411250,-58750
2021-08-03,GUJGASLTD,2021-08-26,756.0,766.0,746.0,763.6,763.6,,1324.0,1470000,-122500
2021-08-02,GUJGASLTD,2021-08-26,720.65,763.8,720.65,755.1,755.1,,3073.0,1592500,15000
2021-07-30,GUJGASLTD,2021-08-26,707.4,720.55,705.6,718.0,718.0,,785.0,1577500,142500
2021-07-29,GUJGASLTD,2021-07-29,705.75,715.85,703.85,706.65,706.1,,588.0,141250,-273750
2021-07-28,GUJGASLTD,2021-07-29,699.5,711.1,695.75,704.6,704.6,,1286.0,415000,-447500
2021-07-27,GUJGASLTD,2021-07-29,719.8,719.8,687.35,695.5,695.5,,1710.0,862500,-451250
2021-07-26,GUJGASLTD,2021-07-29,730.95,730.95,712.95,715.6,715.6,,1064.0,1313750,-365000
2021-07-23,GUJGASLTD,2021-07-29,724.0,743.95,717.45,732.3,732.3,,3094.0,1678750,-56250
2021-07-22,GUJGASLTD,2021-07-29,717.75,722.0,710.75,718.55,718.55,,1422.0,1735000,-77500
2021-07-20,GUJGASLTD,2021-07-29,686.15,716.45,685.7,710.65,710.65,,3557.0,1812500,67500
2021-07-19,GUJGASLTD,2021-07-29,675.4,692.4,675.05,685.9,685.9,,772.0,1745000,-103750
2021-07-16,GUJGASLTD,2021-07-29,684.4,685.65,678.45,683.5,683.5,,439.0,1848750,-45000
2021-07-15,GUJGASLTD,2021-07-29,684.25,687.0,677.0,680.15,680.15,,556.0,1893750,-27500
2021-07-14,GUJGASLTD,2021-07-29,681.35,694.0,676.3,683.25,683.25,,1336.0,1921250,-8750
2021-07-13,GUJGASLTD,2021-07-29,687.45,687.45,679.55,681.7,681.7,,634.0,1930000,-62500
2021-07-12,GUJGASLTD,2021-07-29,685.05,694.0,678.35,682.8,682.8,,1398.0,1992500,-92500
2021-07-09,GUJGASLTD,2021-07-29,676.95,683.3,673.0,681.25,681.25,,570.0,2085000,-166250
2021-07-08,GUJGASLTD,2021-07-29,675.35,685.8,669.1,675.3,675.3,,1228.0,2251250,98750
2021-07-07,GUJGASLTD,2021-07-29,669.55,677.95,667.65,674.9,674.9,,694.0,2152500,-78750
2021-07-06,GUJGASLTD,2021-07-29,668.75,687.7,666.5,673.25,673.25,,1773.0,2231250,42500
2021-07-05,GUJGASLTD,2021-07-29,671.1,673.05,659.1,667.85,667.85,,671.0,2188750,-46250
2021-07-02,GUJGASLTD,2021-07-29,674.85,679.4,661.35,667.45,667.45,,668.0,2235000,42500
2021-07-01,GUJGASLTD,2021-07-29,665.35,677.95,660.35,675.75,675.75,,951.0,2192500,-81250
2021-06-30,GUJGASLTD,2021-07-29,669.1,671.95,658.0,662.9,662.9,,726.0,2273750,-52500
2021-06-29,GUJGASLTD,2021-07-29,675.0,683.9,662.75,666.25,666.25,,1894.0,2326250,133750
2021-06-28,GUJGASLTD,2021-07-29,652.1,678.0,652.1,673.6,673.6,,2552.0,2192500,-128750
2021-06-25,GUJGASLTD,2021-07-29,657.0,657.75,641.65,646.5,646.5,,1136.0,2321250,277500
2021-06-24,GUJGASLTD,2021-06-24,654.05,658.45,645.25,655.45,654.95,,577.0,625000,-313750
2021-06-23,GUJGASLTD,2021-06-24,671.0,678.6,652.8,654.45,654.45,,1463.0,938750,-590000
2021-06-22,GUJGASLTD,2021-06-24,689.85,701.9,669.2,673.6,673.6,,3135.0,1528750,-487500
2021-06-21,GUJGASLTD,2021-06-24,638.15,685.8,636.7,678.5,678.5,,2576.0,2016250,-401250
2021-06-18,GUJGASLTD,2021-06-24,667.0,673.95,637.55,660.2,660.2,,2037.0,2417500,-252500
2021-06-17,GUJGASLTD,2021-06-24,633.15,677.45,628.95,662.0,662.0,,4607.0,2670000,228750
2021-06-16,GUJGASLTD,2021-06-24,650.6,658.15,636.0,638.4,638.4,,2018.0,2441250,-323750
2021-06-15,GUJGASLTD,2021-06-24,609.9,656.2,609.9,652.15,652.15,,5891.0,2765000,1056250
2021-06-14,GUJGASLTD,2021-06-24,601.3,610.4,587.1,604.15,604.15,,613.0,1708750,15000
2021-06-11,GUJGASLTD,2021-06-24,618.9,624.95,602.15,606.45,606.45,,1098.0,1693750,12500
2021-06-10,GUJGASLTD,2021-06-24,602.15,619.0,602.15,614.45,614.45,,1171.0,1681250,-17500
2021-06-09,GUJGASLTD,2021-06-24,602.9,619.5,595.75,598.8,598.8,,1183.0,1698750,18750
2021-06-08,GUJGASLTD,2021-06-24,609.8,614.95,596.3,602.0,602.0,,720.0,1680000,-38750
2021-06-07,GUJGASLTD,2021-06-24,598.2,617.5,595.65,609.45,609.45,,1814.0,1718750,-72500
2021-06-04,GUJGASLTD,2021-06-24,581.65,597.45,574.7,590.3,590.3,,1519.0,1791250,-20000
2021-06-03,GUJGASLTD,2021-06-24,573.85,587.0,563.7,582.15,582.15,,1841.0,1811250,-121250
2021-06-02,GUJGASLTD,2021-06-24,551.55,582.0,545.95,569.7,569.7,,5736.0,1932500,218750
2021-06-01,GUJGASLTD,2021-06-24,540.95,548.95,536.2,542.45,542.45,,1210.0,1713750,-120000
2021-05-27,GUJGASLTD,2021-05-27,516.1,517.8,511.6,513.6,512.75,,513.0,61250,-320000
2021-05-26,GUJGASLTD,2021-05-27,518.65,520.85,511.25,514.65,514.65,,648.0,381250,-347500
2021-05-25,GUJGASLTD,2021-05-27,526.95,531.8,515.5,516.2,516.2,,723.0,728750,-332500
2021-05-24,GUJGASLTD,2021-05-27,514.75,524.5,514.05,523.25,523.25,,752.0,1061250,-145000
2021-05-21,GUJGASLTD,2021-05-27,515.1,523.5,509.0,514.15,514.15,,671.0,1206250,143750
2021-05-20,GUJGASLTD,2021-05-27,520.9,524.5,512.0,513.85,513.85,,351.0,1062500,15000
2021-05-19,GUJGASLTD,2021-05-27,531.7,537.0,521.55,522.9,522.9,,485.0,1047500,41250
2021-05-18,GUJGASLTD,2021-05-27,534.15,544.4,528.1,533.85,533.85,,684.0,1006250,31250
2021-05-17,GUJGASLTD,2021-05-27,523.85,536.45,520.2,531.3,531.3,,664.0,975000,-91250
2021-05-14,GUJGASLTD,2021-05-27,520.4,520.4,497.1,516.45,516.45,,813.0,1066250,-87500
2021-05-12,GUJGASLTD,2021-05-27,523.95,531.8,517.05,520.45,520.45,,358.0,1153750,33750
2021-05-11,GUJGASLTD,2021-05-27,530.9,535.0,525.4,526.0,526.0,,322.0,1120000,96250
2021-05-10,GUJGASLTD,2021-05-27,538.7,538.7,529.1,530.35,530.35,,280.0,1023750,123750
2021-05-07,GUJGASLTD,2021-05-27,540.6,551.0,532.0,534.2,534.2,,402.0,900000,5000
2021-05-06,GUJGASLTD,2021-05-27,537.0,539.4,533.0,538.45,538.45,,235.0,895000,67500
2021-05-05,GUJGASLTD,2021-05-27,534.7,541.65,529.15,535.5,535.5,,278.0,827500,47500
2021-05-04,GUJGASLTD,2021-05-27,534.95,547.35,530.15,531.6,531.6,,381.0,780000,-1250
2021-05-03,GUJGASLTD,2021-05-27,527.15,541.0,525.1,534.95,534.95,,322.0,781250,-18750
2021-04-29,GUJGASLTD,2021-04-29,538.1,544.95,527.4,529.1,529.35,,346.0,170000,-222500
2021-04-28,GUJGASLTD,2021-04-29,544.6,551.45,534.75,541.5,541.5,,412.0,392500,-140000
2021-04-27,GUJGASLTD,2021-04-29,548.9,548.9,534.75,545.2,545.2,,402.0,532500,-128750
2021-04-26,GUJGASLTD,2021-04-29,553.95,565.6,545.0,547.5,547.5,,971.0,661250,-137500
2021-04-23,GUJGASLTD,2021-04-29,529.2,548.8,529.2,545.1,545.1,,569.0,798750,-63750
2021-04-22,GUJGASLTD,2021-04-29,536.65,536.65,518.0,530.05,530.05,,553.0,862500,-8750
2021-04-20,GUJGASLTD,2021-04-29,535.6,556.9,535.6,542.4,542.4,,846.0,871250,88750
2021-04-19,GUJGASLTD,2021-04-29,531.0,535.0,517.45,532.15,532.15,,397.0,782500,-73750
2021-04-16,GUJGASLTD,2021-04-29,531.5,551.0,527.75,545.5,545.5,,479.0,856250,16250
2021-04-15,GUJGASLTD,2021-04-29,529.0,534.65,524.4,530.2,530.2,,334.0,840000,-10000
2021-04-13,GUJGASLTD,2021-04-29,538.7,546.0,510.0,526.15,526.15,,543.0,850000,-67500
2021-04-12,GUJGASLTD,2021-04-29,557.1,559.25,527.75,534.95,534.95,,690.0,917500,-261250
2021-04-09,GUJGASLTD,2021-04-29,557.85,583.65,548.95,571.65,571.65,,1463.0,1178750,52500
2021-04-08,GUJGASLTD,2021-04-29,540.95,560.85,540.95,552.5,552.5,,514.0,1126250,42500
2021-04-07,GUJGASLTD,2021-04-29,539.55,551.45,533.35,541.9,541.9,,329.0,1083750,22500
2021-04-06,GUJGASLTD,2021-04-29,554.25,555.8,539.8,542.4,542.4,,304.0,1061250,28750
2021-04-05,GUJGASLTD,2021-04-29,546.2,557.45,537.0,550.8,550.8,,483.0,1032500,-102500
2021-04-01,GUJGASLTD,2021-04-29,555.15,569.2,547.0,552.4,552.4,,829.0,1135000,57500
2021-03-25,GUJGASLTD,2021-03-25,504.45,515.3,496.15,511.7,511.8,,456.0,63750,-277500
2021-03-24,GUJGASLTD,2021-03-25,504.95,517.5,502.55,510.9,510.9,,533.0,341250,-161250
2021-03-23,GUJGASLTD,2021-03-25,514.05,522.25,509.25,512.5,512.5,,422.0,502500,-168750
2021-03-22,GUJGASLTD,2021-03-25,517.25,519.95,509.25,512.0,512.0,,364.0,671250,-203750
2021-03-19,GUJGASLTD,2021-03-25,514.35,524.0,503.4,521.15,521.15,,473.0,875000,-111250
2021-03-18,GUJGASLTD,2021-03-25,528.95,528.95,505.7,517.65,517.65,,587.0,986250,-115000
2021-03-17,GUJGASLTD,2021-03-25,535.65,554.9,514.75,518.9,518.9,,2116.0,1101250,31250
2021-03-16,GUJGASLTD,2021-03-25,510.95,541.75,510.95,537.6,537.6,,697.0,1070000,-15000
2021-03-15,GUJGASLTD,2021-03-25,521.55,523.35,503.65,512.85,512.85,,493.0,1085000,43750
2021-03-12,GUJGASLTD,2021-03-25,540.05,545.0,518.45,520.85,520.85,,507.0,1041250,3750
2021-03-10,GUJGASLTD,2021-03-25,544.05,547.25,534.0,537.85,537.85,,282.0,1037500,53750
2021-03-09,GUJGASLTD,2021-03-25,546.95,547.0,525.65,540.85,540.85,,693.0,983750,-30000
2021-03-08,GUJGASLTD,2021-03-25,535.45,551.85,535.05,540.4,540.4,,745.0,1013750,113750
2021-03-05,GUJGASLTD,2021-03-25,545.15,557.65,525.0,532.45,532.45,,840.0,900000,35000
2021-03-04,GUJGASLTD,2021-03-25,546.25,557.95,542.85,547.05,547.05,,714.0,865000,20000
2021-03-03,GUJGASLTD,2021-03-25,537.95,560.0,537.95,553.35,553.35,,1337.0,845000,301250
2021-03-02,GUJGASLTD,2021-03-25,552.55,556.0,528.0,536.15,536.15,,999.0,543750,181250
2021-03-01,GUJGASLTD,2021-03-25,493.15,535.35,493.15,533.0,533.0,,1050.0,362500,181250
