Stock,Date,EntryPrice,MaxReturnIn10D,DaysToTarget,Success
AARTIIND,2021-07-27,891.0,4.915824915824911,2.0,True
AARTIIND,2021-07-29,894.7,5.9740695205096594,1.0,True
AARTIIND,2021-08-06,965.0,-0.8082901554404098,,False
AARTIIND,2021-09-17,919.0,2.0293797606093555,7.0,True
AARTIIND,2022-03-21,912.0,3.2839912280701804,6.0,True
AARTIIND,2022-05-17,770.0,5.344155844155842,8.0,True
AARTIIND,2022-06-09,702.05,1.6594259668114937,,False
AARTIIND,2023-07-17,466.95,2.141556911874933,10.0,True
AARTIIND,2023-08-23,462.0,4.17748917748918,3.0,True
AARTIIND,2023-11-29,562.0,2.437722419928834,4.0,True
AARTIIND,2023-12-15,596.4,2.0959087860496313,1.0,True
AARTIIND,2023-12-26,636.0,2.1383647798742174,2.0,True
AARTIIND,2024-02-12,675.0,3.0,3.0,True
AARTIIND,2024-04-19,727.9,2.7476301689792555,2.0,True
AARTIIND,2024-04-23,746.95,1.1312671530892204,,False
AARTIIND,2024-06-10,667.4,3.4537009289781344,4.0,True
AARTIIND,2024-06-20,713.95,1.1135233559772997,,False
AARTIIND,2025-01-03,421.0,2.0783847980997625,7.0,True
AARTIIND,2025-01-31,447.7,4.031717668081307,3.0,True
AARTIIND,2025-02-12,442.05,-4.320778192512164,,False
AARTIIND,2025-04-11,387.9,4.202113946893532,1.0,True
AARTIIND,2025-05-06,425.0,5.541176470588238,1.0,True
ABB,2019-09-26,1470.0,3.085034013605436,1.0,True
ABB,2022-05-13,2308.0,3.3687175043327557,10.0,True
ABB,2022-08-17,2878.95,6.304381805866723,4.0,True
ABB,2025-01-02,6900.0,-2.8086956521739155,,False
ABB,2025-04-09,5149.5,4.466453053694534,2.0,True
ABB,2025-04-21,5649.0,1.132943883873252,,False
ABBOTINDIA,2016-10-04,4799.9,0.7760578345382196,,False
ABBOTINDIA,2017-03-07,4498.0,6.99533125833703,10.0,True
ABBOTINDIA,2018-09-07,8424.0,0.3021130104463524,,False
ABBOTINDIA,2019-04-12,7428.0,8.111200861604738,1.0,True
ABBOTINDIA,2020-03-17,14954.95,3.31763061728725,9.0,True
ABBOTINDIA,2021-01-27,14550.0,0.5828178694158026,,False
ABBOTINDIA,2021-02-02,14199.85,2.0306552534005666,1.0,True
ABBOTINDIA,2022-01-28,16199.0,2.92240261744553,7.0,True
ABBOTINDIA,2022-02-14,16200.0,4.890123456790128,1.0,True
ABBOTINDIA,2024-01-16,25600.0,1.1990234375000028,,False
ABCAPITAL,2019-04-01,104.5,-2.2966507177033546,,False
ABCAPITAL,2020-07-02,67.85,-2.210759027266028,,False
ABCAPITAL,2021-02-25,117.5,10.382978723404246,1.0,True
ABCAPITAL,2024-02-02,182.0,3.076923076923074,2.0,True
ABCAPITAL,2024-04-16,205.95,5.292546734644334,3.0,True
ABCAPITAL,2024-05-07,220.0,2.5681818181818206,7.0,True
ABCAPITAL,2024-06-05,217.4,6.6697332106715725,1.0,True
ABCAPITAL,2024-06-10,232.95,2.6314659798240068,2.0,True
ABFRL,2018-08-06,180.9,6.854615809839693,5.0,True
ABFRL,2018-08-09,182.0,6.208791208791215,2.0,True
ABFRL,2021-02-09,167.85,6.791778373547814,10.0,True
ABFRL,2021-03-05,218.0,0.2981651376146815,,False
ABFRL,2024-04-26,271.0,-2.638376383763829,,False
ABFRL,2024-05-24,291.0,2.852233676975949,2.0,True
ABFRL,2024-09-13,329.1,2.2637496201762346,3.0,True
ACC,2017-10-05,1704.95,2.1173641455761114,4.0,True
ACC,2018-06-06,1326.8,0.31278263491107106,,False
ACC,2019-04-25,1628.0,0.362407862407868,,False
ACC,2019-05-03,1617.25,2.825784510743549,10.0,True
ACC,2020-02-04,1496.5,0.41430003341129606,,False
ACC,2020-04-23,1182.0,0.021150592216582064,,False
ACC,2020-05-26,1287.0,0.8041958041957972,,False
ACC,2020-05-28,1268.0,2.3146687697160813,5.0,True
ACC,2020-11-02,1672.4,1.6144463047117914,,False
ACC,2020-11-27,1738.0,-0.503452243958573,,False
ACC,2021-01-12,1795.15,-0.5375595354148729,,False
ACC,2021-01-22,1724.55,2.220869212258268,5.0,True
ADANIENT,2019-05-21,155.05,3.8697194453402126,1.0,True
ADANIENT,2019-05-23,162.35,-2.03264551894055,,False
ADANIENT,2023-02-03,1575.0,14.473015873015875,1.0,True
ADANIENT,2023-06-28,2437.95,-0.6173219303102906,,False
ADANIENT,2023-09-01,2454.0,2.26161369193154,3.0,True
ADANIENT,2024-06-07,3267.0,1.287113559840838,,False
ADANIPORTS,2015-08-27,360.5,-1.4008321775312098,,False
ADANIPORTS,2016-06-01,203.45,2.5313344802162723,8.0,True
ADANIPORTS,2016-06-03,201.0,2.736318407960199,1.0,True
ADANIPORTS,2018-12-26,379.25,2.148978246539216,1.0,True
ALKEM,2020-08-07,3033.85,-3.5829062082831986,,False
ALKEM,2023-11-10,4330.0,2.735565819861428,4.0,True
ALKEM,2024-06-18,5232.0,-1.4076834862385252,,False
ALKEM,2024-07-10,5265.0,2.2545109211775842,2.0,True
AMBUJACEM,2020-10-30,260.0,1.6923076923076836,,False
AMBUJACEM,2022-08-24,404.15,2.8331065198565004,5.0,True
AMBUJACEM,2022-08-26,397.0,3.5894206549118386,1.0,True
AMBUJACEM,2022-09-06,440.05,4.965344847176449,1.0,True
AMBUJACEM,2023-01-27,400.0,0.29999999999999716,,False
AMBUJACEM,2023-12-14,523.7,2.0240595760931654,10.0,True
AMBUJACEM,2024-06-12,678.7,-0.221010755856785,,False
APOLLOHOSP,2017-12-07,1182.0,2.106598984771581,4.0,True
APOLLOHOSP,2018-11-26,1255.0,2.9641434262948243,4.0,True
APOLLOHOSP,2019-03-06,1195.35,0.7278203036767512,,False
APOLLOHOSP,2019-03-12,1160.0,1.978448275862073,,False
APOLLOHOSP,2019-12-27,1421.2,5.168167745567129,3.0,True
APOLLOHOSP,2020-09-29,2104.0,3.284220532319387,4.0,True
APOLLOHOSP,2021-11-26,5770.0,-1.425476603119584,,False
APOLLOTYRE,2015-02-24,178.0,1.067415730337082,,False
APOLLOTYRE,2019-06-24,198.4,2.2681451612903225,2.0,True
APOLLOTYRE,2020-08-14,131.6,2.9635258358662657,8.0,True
APOLLOTYRE,2020-09-25,121.5,7.160493827160485,1.0,True
APOLLOTYRE,2021-03-22,225.4,4.724933451641528,6.0,True
APOLLOTYRE,2021-09-27,233.05,3.2181935207037116,9.0,True
ASHOKLEY,2020-04-08,45.0,2.333333333333327,1.0,True
ASHOKLEY,2020-06-12,52.35,3.8204393505253105,4.0,True
ASHOKLEY,2020-07-06,52.0,0.8653846153846209,,False
ASHOKLEY,2020-08-13,62.0,10.483870967741936,2.0,True
ASHOKLEY,2020-09-25,77.1,-0.648508430609598,,False
ASHOKLEY,2021-08-03,141.95,-5.353997886579778,,False
ASHOKLEY,2022-03-09,112.0,3.125,4.0,True
ASHOKLEY,2023-12-14,176.5,2.861189801699723,9.0,True
ASIANPAINT,2015-01-22,870.8,2.2622875516766245,1.0,True
ASIANPAINT,2018-11-01,1242.0,4.315619967793873,4.0,True
ASIANPAINT,2019-12-02,1740.0,0.6120689655172467,,False
ASIANPAINT,2020-03-12,1785.0,-2.355742296918765,,False
ASIANPAINT,2020-03-18,1540.0,13.17857142857143,1.0,True
ASIANPAINT,2020-05-22,1625.0,3.5753846153846096,3.0,True
ASIANPAINT,2020-07-07,1750.0,0.09142857142856624,,False
ASIANPAINT,2020-11-27,2275.0,5.995604395604399,2.0,True
ASIANPAINT,2021-02-18,2470.9,-2.177344287506584,,False
ASIANPAINT,2021-03-01,2386.0,3.461860854987423,9.0,True
ASIANPAINT,2021-03-31,2532.0,3.14375987361769,2.0,True
ASIANPAINT,2021-05-26,2950.0,0.9322033898305084,,False
ASIANPAINT,2021-11-03,3179.0,2.5872916011324314,10.0,True
ASIANPAINT,2023-02-02,2705.65,2.2157337423539563,3.0,True
ASIANPAINT,2024-03-06,2825.0,2.3805309734513274,4.0,True
ASIANPAINT,2024-08-07,3080.0,2.323051948051954,8.0,True
ASIANPAINT,2024-08-12,3054.9,3.1637696814953054,5.0,True
ASIANPAINT,2024-11-22,2505.0,0.0,,False
ASIANPAINT,2024-12-19,2297.0,2.0134958641706575,8.0,True
ASTRAL,2023-05-25,1764.95,3.195557947817211,3.0,True
ASTRAL,2023-08-18,1940.9,3.513833788448648,1.0,True
ASTRAL,2023-10-31,1854.55,2.410288210077919,6.0,True
ASTRAL,2024-01-18,1806.95,3.420127839729929,5.0,True
ASTRAL,2024-02-29,2086.5,1.0759645339084505,,False
ASTRAL,2024-06-07,2180.0,2.13073394495412,2.0,True
ASTRAL,2025-02-17,1381.0,1.3468501086169375,,False
ATUL,2020-06-01,4770.0,-1.8144654088050352,,False
ATUL,2024-07-19,6888.15,5.692384747718914,1.0,True
ATUL,2024-07-31,7968.1,0.8565404550645699,,False
ATUL,2025-04-25,6414.5,5.394029152700912,1.0,True
AUBANK,2023-11-02,673.6,2.5163301662707735,4.0,True
AUBANK,2024-04-03,620.0,2.379032258064516,1.0,True
AUBANK,2024-04-16,620.5,2.8122481869460185,7.0,True
AUBANK,2024-07-24,657.3,-0.8900045641259561,,False
AUBANK,2024-07-26,655.0,-0.5419847328244205,,False
AUBANK,2024-12-31,556.0,2.697841726618705,1.0,True
AUBANK,2025-02-28,565.45,-2.1664161287470156,,False
AUBANK,2025-04-21,623.8,6.676819493427396,1.0,True
AUROPHARMA,2015-07-06,1454.0,2.7579092159559773,4.0,True
AUROPHARMA,2017-02-17,666.9,2.8714949767581315,1.0,True
AUROPHARMA,2017-05-25,526.1,10.302223911803825,2.0,True
AUROPHARMA,2019-05-29,691.8,-2.804278693263946,,False
AUROPHARMA,2020-02-18,550.4,8.966206395348841,1.0,True
AUROPHARMA,2020-04-09,466.0,10.450643776824045,1.0,True
AUROPHARMA,2022-06-14,535.0,-0.17757009345795244,,False
AUROPHARMA,2024-07-05,1305.1,2.091793732281065,1.0,True
AUROPHARMA,2024-07-09,1335.0,2.9850187265917536,3.0,True
AUROPHARMA,2024-08-22,1529.05,2.298812988456891,3.0,True
AXISBANK,2015-11-11,475.4,1.272612536811109,,False
AXISBANK,2016-05-11,498.6,4.091456077015639,10.0,True
AXISBANK,2016-08-31,597.05,6.506992714178046,2.0,True
AXISBANK,2016-09-16,603.0,-0.6799336650082957,,False
AXISBANK,2016-09-29,535.0,2.9719626168224256,1.0,True
AXISBANK,2017-10-31,524.95,2.885989141823026,2.0,True
AXISBANK,2017-11-10,557.0,0.4308797127468541,,False
AXISBANK,2018-04-10,550.1,-0.24540992546810084,,False
AXISBANK,2020-08-04,439.0,2.050113895216401,4.0,True
AXISBANK,2020-08-31,495.05,-2.1512978487021583,,False
AXISBANK,2020-11-12,595.0,3.050420168067223,1.0,True
AXISBANK,2022-01-25,744.0,2.782258064516135,1.0,True
AXISBANK,2022-02-03,796.95,1.6123972645711662,,False
AXISBANK,2022-02-08,801.0,1.098626716604239,,False
AXISBANK,2022-03-16,737.0,3.276797829036632,9.0,True
AXISBANK,2023-02-06,886.85,-1.7026554659750828,,False
AXISBANK,2023-06-13,986.0,-0.4513184584178545,,False
AXISBANK,2024-08-12,1161.35,1.7135230550652338,,False
BAJAJFINSV,2022-12-14,1620.0,-0.05864197530864478,,False
BAJAJFINSV,2023-02-10,1404.0,1.7236467236467268,,False
BAJAJFINSV,2023-03-20,1259.0,2.823669579030973,1.0,True
BAJAJFINSV,2023-05-09,1419.0,1.2861169837914024,,False
BAJAJFINSV,2023-07-19,1650.9,0.3997819371251989,,False
BAJAJFINSV,2023-09-25,1583.0,3.2627921667719577,7.0,True
BAJAJFINSV,2023-10-04,1540.0,6.146103896103902,1.0,True
BAJAJFINSV,2023-10-06,1617.15,2.5044058992672293,6.0,True
BAJAJFINSV,2023-11-16,1593.05,3.8511032296538175,6.0,True
BAJAJFINSV,2024-02-05,1626.8,-0.4087779690189245,,False
BAJAJFINSV,2024-02-19,1617.95,0.0834389196205018,,False
BAJAJFINSV,2024-03-13,1565.6,2.363311190597854,5.0,True
BAJAJFINSV,2024-03-15,1570.95,2.014704478181983,3.0,True
BAJAJFINSV,2024-07-26,1588.15,3.4316657746434527,1.0,True
BAJAJFINSV,2024-09-02,1850.0,2.402702702702705,8.0,True
BAJAJFINSV,2024-09-06,1860.0,3.053763440860213,9.0,True
BAJAJFINSV,2024-09-18,1890.0,2.037037037037037,4.0,True
BAJAJFINSV,2024-12-11,1685.0,-0.3145400593471783,,False
BAJAJFINSV,2025-01-02,1700.0,0.7941176470588235,,False
BAJAJFINSV,2025-01-14,1721.1,2.780198710127252,9.0,True
BAJAJFINSV,2025-02-13,1853.5,2.2309144861073595,1.0,True
BAJAJFINSV,2025-03-05,1818.8,2.9030129755882976,6.0,True
BAJAJFINSV,2025-03-27,1995.75,-1.3303269447576076,,False
BAJFINANCE,2017-10-06,1928.0,1.3044605809128678,,False
BAJFINANCE,2018-10-25,2329.95,2.1674284855898196,1.0,True
BAJFINANCE,2020-03-11,3860.0,2.397668393782388,1.0,True
BAJFINANCE,2020-03-18,2800.0,5.425000000000003,1.0,True
BAJFINANCE,2020-04-08,2391.0,-3.460895023002928,,False
BAJFINANCE,2020-07-01,2980.0,4.322147651006717,2.0,True
BAJFINANCE,2020-11-06,3810.0,10.460629921259846,1.0,True
BAJFINANCE,2020-11-11,4260.0,2.724178403755873,1.0,True
BAJFINANCE,2020-11-13,4400.0,5.767045454545454,2.0,True
BAJFINANCE,2020-11-26,4859.0,0.8160115250051376,,False
BAJFINANCE,2021-04-22,4621.1,2.4983229101296187,1.0,True
BAJFINANCE,2023-01-13,6000.0,0.36333333333333634,,False
BAJFINANCE,2023-12-04,7430.0,2.121130551816963,9.0,True
BAJFINANCE,2024-03-07,6550.0,2.530534351145038,8.0,True
BAJFINANCE,2024-07-25,6675.05,2.0584115474790394,1.0,True
BAJFINANCE,2024-09-06,7324.0,3.74795193883124,4.0,True
BAJFINANCE,2024-09-26,7780.0,-0.9897172236503856,,False
BAJFINANCE,2025-01-03,7500.0,-0.7986666666666619,,False
BAJFINANCE,2025-04-04,8340.0,5.782374100719425,1.0,True
BAJFINANCE,2025-05-02,8877.5,2.2923120247817517,7.0,True
BAJFINANCE,2025-05-08,8650.0,4.2601156069364166,1.0,True
BALKRISIND,2018-09-06,1180.1,-1.2287094314041185,,False
BALKRISIND,2018-10-12,1054.75,1.3747333491348661,,False
BALKRISIND,2019-05-22,788.7,6.510713832889553,2.0,True
BALKRISIND,2019-05-24,808.8,3.2331849653808225,1.0,True
BALKRISIND,2020-02-18,1235.0,2.566801619433202,1.0,True
BALKRISIND,2021-02-24,1599.95,2.1031907247101387,4.0,True
BALKRISIND,2024-03-12,2363.95,-1.9712768882590543,,False
BALRAMCHIN,2016-01-11,84.25,4.213649851632044,1.0,True
BALRAMCHIN,2016-09-23,112.0,5.089285714285716,9.0,True
BALRAMCHIN,2018-05-22,73.8,1.2872628726287303,,False
BALRAMCHIN,2018-06-15,73.95,-3.651115618661261,,False
BALRAMCHIN,2018-07-25,66.95,5.6758775205377106,1.0,True
BALRAMCHIN,2018-09-14,89.9,-2.5583982202447286,,False
BALRAMCHIN,2019-02-15,117.85,4.963937208315664,1.0,True
BALRAMCHIN,2019-02-26,131.7,2.4677296886864086,2.0,True
BALRAMCHIN,2020-08-18,151.25,4.694214876033054,2.0,True
BALRAMCHIN,2020-08-21,160.3,0.4054897067997363,,False
BALRAMCHIN,2023-09-25,438.9,1.4923672818409688,,False
BALRAMCHIN,2023-09-27,447.8,-2.4564537740062526,,False
BANDHANBNK,2020-08-27,313.9,1.1468620579802558,,False
BANDHANBNK,2020-09-04,309.75,0.6618240516545638,,False
BANDHANBNK,2023-04-10,210.75,3.36892052194543,6.0,True
BANDHANBNK,2023-04-18,213.0,2.2769953051643164,1.0,True
BANDHANBNK,2023-07-14,219.5,1.7767653758542168,,False
BANDHANBNK,2023-09-25,252.8,0.415348101265816,,False
BANDHANBNK,2024-02-26,203.05,-1.132725929574002,,False
BANDHANBNK,2024-07-04,206.7,-1.0788582486695646,,False
BANDHANBNK,2024-10-11,210.64,-7.733573870110137,,False
BANKBARODA,2021-04-13,67.75,0.0,,False
BANKBARODA,2021-05-11,74.05,4.1188386225523255,2.0,True
BANKBARODA,2021-06-14,84.5,3.905325443786979,9.0,True
BANKBARODA,2021-06-28,87.95,-1.819215463331448,,False
BANKBARODA,2021-10-18,94.5,2.1164021164021163,4.0,True
BANKBARODA,2022-02-01,106.85,2.5269068788020617,1.0,True
BANKBARODA,2023-02-09,169.8,0.17667844522967194,,False
BANKBARODA,2023-09-25,217.5,0.16091954022988245,,False
BANKBARODA,2024-02-09,266.1,3.6076662908680817,3.0,True
BANKBARODA,2024-06-05,262.6,3.122619954303118,1.0,True
BANKBARODA,2024-07-26,254.0,0.8858267716535433,,False
BATAINDIA,2015-11-16,478.0,2.9916317991631822,3.0,True
BATAINDIA,2016-10-10,500.75,-1.118322516225666,,False
BATAINDIA,2016-11-17,426.95,-1.8152008431900692,,False
BATAINDIA,2017-03-21,538.0,2.6208178438661753,4.0,True
BATAINDIA,2017-06-08,555.0,-0.4774774774774734,,False
BATAINDIA,2017-07-18,574.0,2.3693379790940807,3.0,True
BATAINDIA,2017-08-03,621.0,3.2689210950080443,1.0,True
BATAINDIA,2017-08-18,679.1,1.1706670593432382,,False
BATAINDIA,2017-11-22,752.0,0.08643617021276294,,False
BATAINDIA,2018-01-23,731.0,-2.3666210670314576,,False
BATAINDIA,2018-02-09,734.6,-1.1366730193302508,,False
BATAINDIA,2018-07-26,922.0,2.0770065075921886,3.0,True
BATAINDIA,2018-08-23,1075.2,2.2693452380952253,2.0,True
BATAINDIA,2018-10-09,870.05,3.6377219700017345,1.0,True
BATAINDIA,2019-06-03,1372.0,3.553206997084548,3.0,True
BATAINDIA,2020-08-05,1324.7,-2.879897335245723,,False
BATAINDIA,2020-08-13,1243.15,2.2603869203233646,3.0,True
BATAINDIA,2020-08-19,1262.8,3.4486854608805793,1.0,True
BATAINDIA,2020-11-27,1578.95,3.103328161119731,9.0,True
BATAINDIA,2021-02-12,1535.0,-0.6742671009771928,,False
BATAINDIA,2021-04-22,1294.0,3.686244204018551,1.0,True
BATAINDIA,2021-06-15,1645.9,1.5432286287137653,,False
BATAINDIA,2021-06-17,1675.0,-0.468656716417905,,False
BATAINDIA,2024-02-20,1449.9,-0.07931581488379136,,False
BATAINDIA,2024-06-05,1435.0,2.153310104529623,1.0,True
BATAINDIA,2024-07-25,1594.0,1.7095357590966123,,False
BATAINDIA,2024-08-01,1618.0,-3.7577255871446202,,False
BEL,2022-11-03,110.6,0.0,,False
BEL,2023-06-13,122.35,2.3293829178586094,2.0,True
BEL,2023-07-11,128.3,-0.8963367108339872,,False
BEL,2023-07-14,127.8,2.269170579029727,10.0,True
BEL,2023-07-18,127.75,2.3091976516633963,8.0,True
BEL,2023-12-15,171.75,5.938864628820954,5.0,True
BEL,2024-02-16,189.95,2.526980784416958,3.0,True
BEL,2024-02-28,205.45,2.019956193721103,3.0,True
BEL,2024-03-07,216.45,-5.636405636405631,,False
BEL,2024-03-15,190.0,3.605263157894734,3.0,True
BEL,2024-03-19,186.9,5.3237025147137444,1.0,True
BEL,2024-03-21,196.5,2.544529262086514,3.0,True
BEL,2024-05-13,225.75,3.1450719822812823,1.0,True
BEL,2024-09-20,280.0,4.214285714285718,1.0,True
BEL,2024-09-27,293.45,-1.5675583574714487,,False
BERGEPAINT,2019-10-18,503.0,4.7614314115308245,7,True
BHARATFORG,2015-06-09,1095.3,2.104446270428189,5.0,True
BHARATFORG,2015-06-12,1115.95,2.271607150858005,6.0,True
BHARATFORG,2018-12-17,520.1,0.31724668333012446,,False
BHARATFORG,2020-04-17,289.3,6.878672658140331,8.0,True
BHARATFORG,2020-07-16,381.0,2.2178477690288685,4.0,True
BHARATFORG,2020-08-12,439.1,12.719198360282387,1.0,True
BHARATFORG,2020-09-04,493.1,-2.524842831068758,,False
BHARATFORG,2020-09-25,452.0,3.008849557522129,4.0,True
BHARATFORG,2020-11-12,496.4,2.739726027397265,4.0,True
BHARATFORG,2020-11-19,514.35,4.870224555263916,8.0,True
BHARATFORG,2021-03-04,640.8,-2.8401997503120993,,False
BHARATFORG,2021-08-13,823.65,-1.5601286954410276,,False
BHARATFORG,2021-09-01,784.35,0.8860840186141303,,False
BHARATFORG,2022-10-04,722.5,6.207612456747407,1.0,True
BHARATFORG,2022-11-07,876.15,1.2326656394453084,,False
BHARATFORG,2024-02-20,1125.9,4.414246380673223,3.0,True
BHARATFORG,2024-02-26,1173.9,1.299088508390834,,False
BHARATFORG,2024-03-19,1110.0,3.4774774774774695,6.0,True
BHARATFORG,2024-04-03,1152.5,2.160520607375279,4.0,True
BHARATFORG,2024-06-10,1590.0,2.6163522012578557,1.0,True
BHARTIARTL,2020-09-18,496.0,-5.050403225806454,,False
BHARTIARTL,2020-09-23,425.25,3.3862433862433807,1.0,True
BHARTIARTL,2020-11-09,474.0,2.225738396624475,5.0,True
BHARTIARTL,2021-01-15,602.65,-0.5475815149755172,,False
BHARTIARTL,2021-09-09,692.0,4.841040462427745,2.0,True
BHEL,2020-05-13,26.9,4.089219330855024,10.0,True
BHEL,2020-08-21,41.5,0.3614457831325267,,False
BHEL,2021-05-11,74.25,0.3367003367003367,,False
BHEL,2021-09-30,64.3,3.0326594090202224,2.0,True
BHEL,2021-10-08,65.7,7.458143074581417,1.0,True
BHEL,2021-10-29,68.8,5.159883720930229,1.0,True
BHEL,2021-11-25,62.0,3.4677419354838803,9.0,True
BHEL,2022-10-27,73.25,3.8225255972696206,2.0,True
BHEL,2022-12-02,91.35,-3.667214012041592,,False
BHEL,2023-11-24,152.5,8.22950819672132,1.0,True
BHEL,2024-11-06,248.39,-2.886589637263975,,False
BHEL,2025-04-08,210.94,5.148383426566803,2.0,True
BIOCON,2019-10-11,248.0,4.959677419354843,1.0,True
BIOCON,2020-01-21,295.55,0.9981390627643338,,False
BIOCON,2020-12-08,445.45,2.2561454708721542,2.0,True
BIOCON,2021-01-28,385.0,4.207792207792205,3.0,True
BIOCON,2021-02-04,417.7,0.5745750538664195,,False
BIOCON,2023-04-05,212.65,5.172819186456619,3.0,True
BIOCON,2023-06-02,242.7,0.9064688916357714,,False
BIOCON,2024-01-16,286.25,-2.078602620087332,,False
BIOCON,2024-02-07,293.0,-0.665529010238904,,False
BIOCON,2024-04-24,292.0,4.931506849315061,1.0,True
BIOCON,2024-05-10,303.95,2.286560289521299,1.0,True
BIOCON,2024-05-15,315.0,2.7301587301587373,9.0,True
BIOCON,2024-05-30,312.0,6.6506410256410255,4.0,True
BIOCON,2024-07-01,359.8,2.8904947192884873,3.0,True
BIOCON,2024-09-10,390.2,0.25627883136852897,,False
BOSCHLTD,2015-02-18,27199.0,-2.2416265303871494,,False
BOSCHLTD,2018-04-09,19962.0,1.0880673279230575,,False
BPCL,2018-10-15,296.5,-3.827993254637444,,False
BPCL,2025-02-03,250.65,4.229004588071014,1.0,True
BRITANNIA,2019-08-21,2393.5,3.056193858366413,1.0,True
BRITANNIA,2020-03-25,2471.55,2.3345673767473776,1.0,True
BRITANNIA,2020-06-29,3542.0,2.3277809147374313,4.0,True
BRITANNIA,2020-11-05,3510.0,1.1994301994301968,,False
BRITANNIA,2020-11-27,3702.5,2.0108035111411158,9.0,True
BRITANNIA,2020-12-11,3745.0,0.5487316421895909,,False
BRITANNIA,2021-01-14,3680.0,-1.3369565217391255,,False
BRITANNIA,2021-01-18,3628.75,0.056493282810890305,,False
BRITANNIA,2021-02-04,3616.0,-3.935287610619474,,False
BRITANNIA,2021-02-24,3420.0,2.394736842105266,5.0,True
BSOFT,2020-02-07,91.05,4.503020318506325,4.0,True
BSOFT,2020-12-18,214.2,8.683473389355754,1.0,True
BSOFT,2021-06-03,330.9,3.5358114233907663,1.0,True
BSOFT,2021-06-16,404.8,-0.2717391304347882,,False
BSOFT,2022-01-31,482.3,-1.1507360563964362,,False
BSOFT,2023-02-08,287.45,2.852670029570356,5.0,True
BSOFT,2024-09-17,647.6,-2.4243360098826505,,False
BSOFT,2024-09-20,638.0,-0.9561128526645803,,False
CANBK,2020-12-30,129.7,2.7756360832691,1.0,True
CANBK,2021-11-03,227.65,7.291895453547109,1.0,True
CANBK,2024-07-25,112.49,3.0402702462441122,1.0,True
CANBK,2024-09-02,113.1,-3.9787798408488064,,False
CANBK,2024-09-12,104.45,2.144566778362848,1.0,True
CANBK,2024-09-26,110.72,0.550939306358381,,False
CANBK,2024-11-04,101.61,3.5823245743529184,1.0,True
CANBK,2024-11-25,101.48,3.586913677571936,5.0,True
CANBK,2025-01-15,96.05,5.195210827693919,2.0,True
CANBK,2025-02-04,93.7,1.2379935965848416,,False
CANBK,2025-02-19,85.4,2.259953161592497,1.0,True
CANBK,2025-03-03,80.45,5.680546923554995,1.0,True
CANBK,2025-04-22,101.15,-1.7399901136925409,,False
CANBK,2025-05-08,94.01,7.286458887352403,1.0,True
CANFINHOME,2018-04-06,450.5,0.2108768035516068,,False
CANFINHOME,2020-09-25,414.0,2.089371980676323,5.0,True
CANFINHOME,2021-07-26,560.0,1.7321428571428652,,False
CANFINHOME,2021-09-28,646.7,6.20071130354104,1.0,True
CANFINHOME,2021-10-01,675.0,3.659259259259266,1.0,True
CANFINHOME,2024-02-02,836.85,1.6848897651908972,,False
CANFINHOME,2024-02-07,857.8,-4.773840055957092,,False
CANFINHOME,2024-06-24,883.65,3.0781417982232835,2.0,True
CHAMBLFERT,2020-07-02,148.0,3.7837837837837798,1.0,True
CHAMBLFERT,2021-08-20,332.95,0.13515542874305111,,False
CHAMBLFERT,2023-11-09,306.8,1.776401564537154,,False
CHAMBLFERT,2023-11-29,320.0,2.609375000000007,3.0,True
CHAMBLFERT,2023-12-01,324.0,8.595679012345686,2.0,True
CHAMBLFERT,2024-05-08,406.9,-0.47923322683705794,,False
CHAMBLFERT,2024-07-22,510.9,2.1334899197494575,7.0,True
CHAMBLFERT,2024-07-24,492.0,2.510162601626021,2.0,True
CHAMBLFERT,2024-09-25,515.65,2.6762338795694887,2.0,True
CHAMBLFERT,2024-09-27,520.0,5.288461538461538,1.0,True
CHOLAFIN,2016-09-16,1098.0,3.0646630236794254,5.0,True
CHOLAFIN,2020-02-06,339.95,-0.32357699661713957,,False
CHOLAFIN,2020-03-12,230.0,-0.7391304347826038,,False
CHOLAFIN,2020-07-07,214.8,2.8398510242085635,10.0,True
CHOLAFIN,2020-11-06,306.05,2.107498774710011,1.0,True
CHOLAFIN,2020-11-27,389.65,-3.182343128448602,,False
CHOLAFIN,2021-02-03,463.0,15.064794816414686,7.0,True
CHOLAFIN,2021-02-15,528.5,1.9016083254493765,,False
CHOLAFIN,2021-04-13,527.5,2.483412322274886,1.0,True
CHOLAFIN,2021-04-22,548.6,2.916514764855997,2.0,True
CHOLAFIN,2021-05-20,575.3,0.1912045889101378,,False
CHOLAFIN,2022-05-17,662.0,2.2054380664652604,8.0,True
CHOLAFIN,2023-08-10,1064.95,2.0188741255458003,7.0,True
CHOLAFIN,2024-03-15,1071.0,4.126984126984131,5.0,True
CIPLA,2015-08-25,648.0,5.270061728395058,3.0,True
CIPLA,2016-03-18,530.0,0.9999999999999915,,False
CIPLA,2016-03-30,513.0,2.163742690058484,10.0,True
CIPLA,2019-10-09,423.1,4.313401087213425,1.0,True
CIPLA,2020-02-06,440.0,2.409090909090914,2.0,True
CIPLA,2020-03-04,447.85,-3.003237691191257,,False
CIPLA,2020-06-15,644.5,2.373933281613647,5.0,True
CIPLA,2020-07-02,652.95,3.300405850371384,9.0,True
CIPLA,2020-08-06,738.0,7.80487804878049,1.0,True
CIPLA,2020-09-25,772.1,5.096490091957003,7.0,True
CIPLA,2020-09-29,762.35,2.1381255328917104,2.0,True
CIPLA,2020-11-11,742.4,0.8149245689655265,,False
CIPLA,2020-12-23,828.8,1.1944980694980805,,False
CIPLA,2021-05-20,930.0,2.080645161290325,6.0,True
CIPLA,2021-06-10,975.0,0.11794871794871561,,False
CIPLA,2022-02-25,920.05,2.2933536220857587,4.0,True
CIPLA,2022-03-02,925.0,4.816216216216211,3.0,True
CIPLA,2023-03-23,869.1,2.3242434702565795,1.0,True
CIPLA,2023-10-31,1200.0,3.4166666666666665,5.0,True
CIPLA,2024-12-19,1506.55,2.080913345059914,8.0,True
COALINDIA,2015-02-11,372.35,2.148516181012488,3.0,True
COALINDIA,2019-03-11,245.0,-0.2653061224489819,,False
COALINDIA,2019-10-01,193.0,3.316062176165806,9.0,True
COALINDIA,2020-02-10,180.0,0.16666666666667299,,False
COALINDIA,2020-03-13,150.95,-3.345478635309694,,False
COALINDIA,2020-03-20,122.5,4.367346938775506,1.0,True
COALINDIA,2021-03-30,133.0,-0.639097744360898,,False
COALINDIA,2022-04-19,199.95,3.4758689672418193,1.0,True
COALINDIA,2023-08-09,234.75,0.06389776357827719,,False
COALINDIA,2023-11-29,345.0,2.8115942028985472,2.0,True
COALINDIA,2023-12-28,381.5,2.922673656618605,2.0,True
COALINDIA,2025-01-31,395.9,-3.296286941146743,,False
COFORGE,2018-02-05,787.0,6.486658195679791,1,True
COFORGE,2018-05-04,1036.2,2.2872032426172595,1,True
COFORGE,2020-11-09,2340.0,3.6175213675213715,9,True
COLPAL,2016-02-08,845.0,0.19526627218934642,,False
COLPAL,2017-04-13,1012.3,2.0399091178504487,4.0,True
COLPAL,2017-11-15,1047.0,1.2989493791785969,,False
COLPAL,2018-08-27,1162.0,1.0886402753872713,,False
COLPAL,2019-11-26,1484.0,-0.22911051212938618,,False
COLPAL,2020-03-23,1084.05,3.4869240348692365,1.0,True
COLPAL,2020-04-08,1355.0,2.4538745387453873,2.0,True
COLPAL,2020-06-12,1365.0,3.15018315018315,6.0,True
COLPAL,2020-12-14,1616.95,-0.33705433068431584,,False
COLPAL,2021-12-17,1427.0,2.666433076384019,3.0,True
COLPAL,2021-12-21,1453.1,1.9406785493083785,,False
COLPAL,2024-07-10,3058.1,2.2808279650763548,3.0,True
CONCOR,2020-03-19,288.45,3.709481712601834,1.0,True
CONCOR,2020-04-13,382.5,-1.4640522875817052,,False
CONCOR,2020-09-14,385.0,1.11688311688312,,False
CONCOR,2020-10-08,363.0,2.0798898071625374,1.0,True
CONCOR,2020-11-17,408.75,2.1651376146789048,10.0,True
CONCOR,2021-01-06,438.15,2.3165582563049263,5.0,True
CONCOR,2021-02-05,470.2,6.816248404934073,1.0,True
CONCOR,2021-03-22,558.0,5.627240143369171,3.0,True
CONCOR,2021-05-18,612.0,3.6356209150326797,3.0,True
CONCOR,2021-12-02,642.0,1.580996884735199,,False
CONCOR,2022-06-09,655.9,-1.8981552065863596,,False
CONCOR,2024-01-30,871.5,5.702811244979925,1.0,True
CONCOR,2024-02-08,961.0,2.0603537981269464,5.0,True
CONCOR,2024-02-14,949.0,3.350895679662798,1.0,True
CONCOR,2024-04-01,904.0,3.2632743362831858,3.0,True
CONCOR,2024-05-23,1109.85,5.802585935036275,6.0,True
CONCOR,2024-07-09,1047.9,1.0592613799026538,,False
CONCOR,2024-08-21,991.0,0.18163471241170076,,False
CONCOR,2024-09-20,898.0,2.260579064587968,5.0,True
CONCOR,2024-09-27,911.25,1.1467764060356702,,False
CONCOR,2024-10-04,885.9,1.1795913760018113,,False
COROMANDEL,2018-04-27,483.45,-5.212534905367668,,False
COROMANDEL,2020-09-25,793.0,0.031525851197982346,,False
COROMANDEL,2021-05-25,850.0,1.1588235294117675,,False
COROMANDEL,2021-09-27,798.0,3.6403508771929767,5.0,True
CROMPTON,2022-08-17,393.0,4.376590330788801,5,True
CROMPTON,2023-05-30,274.7,2.4754277393520248,5,True
CROMPTON,2024-04-15,291.0,2.3195876288659796,1,True
CROMPTON,2024-04-18,297.85,3.1391640087292143,1,True
CROMPTON,2024-05-09,335.45,16.828141302727676,5,True
CROMPTON,2024-05-15,339.6,15.400471142520598,1,True
CROMPTON,2024-07-24,440.55,2.4628305527181853,4,True
CUB,2020-08-28,153.0,-5.032679738562084,,False
CUB,2021-03-03,179.9,-2.6681489716509232,,False
CUB,2021-03-19,170.5,-1.0850439882697913,,False
CUB,2021-10-04,159.0,3.86792452830189,3.0,True
CUB,2021-10-12,171.0,3.0701754385964914,7.0,True
CUB,2022-08-11,175.1,2.141633352370074,3.0,True
CUB,2022-08-24,179.05,4.998603741971509,1.0,True
CUB,2022-12-26,178.75,0.9230769230769262,,False
CUB,2022-12-29,179.5,-0.3064066852367751,,False
CUB,2023-03-01,140.6,1.244665718349929,,False
CUB,2023-04-25,133.25,4.840525328330198,1.0,True
CUB,2023-05-09,139.9,1.072194424588992,,False
CUB,2023-08-04,133.05,0.4885381435550374,,False
CUB,2023-10-30,134.35,2.232973576479345,1.0,True
CUB,2023-11-16,146.4,2.663934426229512,1.0,True
CUB,2024-02-16,140.15,-1.3913663931502083,,False
CUB,2024-06-20,167.75,3.0044709388971635,9.0,True
CUB,2024-06-25,170.0,1.6411764705882306,,False
CUMMINSIND,2016-05-31,803.45,-0.3920592445080703,,False
CUMMINSIND,2019-02-21,697.0,4.002869440459107,2.0,True
CUMMINSIND,2020-04-08,340.0,6.470588235294118,1.0,True
CUMMINSIND,2020-04-13,360.15,8.232680827433025,1.0,True
CUMMINSIND,2020-04-21,404.25,3.685837971552252,1.0,True
CUMMINSIND,2021-03-05,853.65,3.01060153458678,2.0,True
CUMMINSIND,2021-05-27,781.6,3.51202661207778,4.0,True
CUMMINSIND,2021-06-03,812.5,3.3353846153846183,4.0,True
CUMMINSIND,2024-06-27,4103.6,0.7408129447314463,,False
CUMMINSIND,2024-07-23,3576.85,3.950403287809111,2.0,True
DABUR,2017-06-01,287.05,1.6373454102072769,,False
DABUR,2017-06-13,294.0,-1.3605442176870748,,False
DABUR,2018-08-06,436.45,2.1651964715316736,2.0,True
DABUR,2018-10-12,411.0,-0.38929440389294956,,False
DABUR,2020-03-27,415.0,8.445783132530122,1.0,True
DABUR,2020-04-07,474.3,2.3297491039426546,1.0,True
DABUR,2021-03-05,525.0,1.619047619047619,,False
DABUR,2021-06-10,560.75,2.5055728934462693,2.0,True
DABUR,2021-08-17,598.35,2.2311356229631523,1.0,True
DABUR,2022-12-12,603.2,-2.3458222811671234,,False
DABUR,2023-06-14,562.35,2.089446074508758,9.0,True
DABUR,2024-05-09,550.95,1.6335420637081404,,False
DABUR,2024-06-13,610.95,0.0,,False
DABUR,2024-08-05,638.0,0.19592476489028213,,False
DABUR,2025-04-11,467.65,2.929541323639484,1.0,True
DALBHARAT,2019-03-07,1133.9,1.887291648293488,,False
DALBHARAT,2023-12-14,2417.0,-2.3065784029788996,,False
DALBHARAT,2025-01-29,1856.45,1.6752403781410707,,False
DALBHARAT,2025-05-22,2122.0,-2.167766258246937,,False
DEEPAKNTR,2017-10-12,221.8,-2.073940486925168,,False
DEEPAKNTR,2017-12-26,236.25,2.7724867724867774,7.0,True
DEEPAKNTR,2018-09-26,302.6,-2.3132848645076005,,False
DEEPAKNTR,2019-03-22,266.2,2.0848985725018827,1.0,True
DEEPAKNTR,2019-05-13,279.0,3.888888888888897,4.0,True
DEEPAKNTR,2020-02-25,500.25,6.536731634182917,4.0,True
DEEPAKNTR,2020-03-02,512.8,1.7550702028081124,,False
DEEPAKNTR,2020-04-07,439.95,6.818956699624958,1.0,True
DEEPAKNTR,2020-06-23,510.0,3.0784313725490287,9.0,True
DEEPAKNTR,2020-07-06,519.85,2.202558430316424,2.0,True
DEEPAKNTR,2020-07-29,618.9,3.918242042333172,1.0,True
DEEPAKNTR,2020-08-21,667.0,11.596701649175415,1.0,True
DEEPAKNTR,2020-08-27,765.0,-1.7516339869281017,,False
DEEPAKNTR,2020-09-18,856.0,-0.9170560747663578,,False
DEEPAKNTR,2020-10-27,747.95,4.004278360852989,8.0,True
DEEPAKNTR,2020-11-09,783.0,4.655172413793109,2.0,True
DEEPAKNTR,2020-12-08,837.15,3.523860717911963,1.0,True
DEEPAKNTR,2020-12-14,878.0,3.673120728929385,1.0,True
DEEPAKNTR,2021-02-02,991.5,3.5047907211296017,1.0,True
DEEPAKNTR,2021-03-01,1585.0,1.728706624605684,,False
DEEPAKNTR,2021-06-08,1841.8,-2.714735584754045,,False
DEEPAKNTR,2021-06-30,1824.95,5.624811638675024,1.0,True
DEEPAKNTR,2021-12-02,2241.7,4.141945844671471,3.0,True
DEEPAKNTR,2022-02-25,1990.0,3.047738693467341,8.0,True
DEEPAKNTR,2022-03-09,2075.0,6.392771084337354,2.0,True
DEEPAKNTR,2022-09-27,2045.0,3.053789731051336,4.0,True
DEEPAKNTR,2023-09-05,2275.05,2.8394980330102593,1.0,True
DELTACORP,2016-08-09,127.0,8.54330708661417,4.0,True
DELTACORP,2016-11-17,117.35,-2.130379207498935,,False
DELTACORP,2022-07-28,195.9,4.951505870342006,1.0,True
DELTACORP,2023-10-16,128.05,5.271378367825068,5.0,True
DELTACORP,2023-10-20,131.9,2.198635329795304,1.0,True
DELTACORP,2023-12-27,148.5,2.0202020202020203,2.0,True
DELTACORP,2024-01-10,155.5,-2.154340836012858,,False
DELTACORP,2024-07-10,147.01,-2.333174613971824,,False
DIVISLAB,2017-02-09,758.8,1.0938323668951067,,False
DIVISLAB,2017-04-10,661.8,-1.677243880326369,,False
DIVISLAB,2017-04-24,638.0,0.8620689655172413,,False
DIVISLAB,2018-06-14,1087.0,1.2327506899724094,,False
DIVISLAB,2018-06-19,1090.0,1.128440366972473,,False
DIVISLAB,2020-03-23,1925.0,3.327272727272725,5.0,True
DIVISLAB,2023-02-16,2876.0,1.549026425591105,,False
DIVISLAB,2024-10-09,5960.0,3.0578859060402683,1.0,True
DIVISLAB,2024-10-11,6140.0,-0.266286644951146,,False
DIXON,2022-02-01,4478.1,1.0484357205064607,,False
DIXON,2022-05-05,3850.0,-0.6688311688311688,,False
DIXON,2023-06-13,4340.0,5.460829493087558,1.0,True
DIXON,2023-06-15,4584.95,1.531096304212692,,False
DIXON,2024-10-09,14886.95,2.539808355640333,2.0,True
DIXON,2024-11-06,15747.6,-0.14478396708070493,,False
DLF,2019-10-01,145.65,6.316512186749048,6,True
DLF,2019-11-13,202.85,4.38747843233917,1,True
DRREDDY,2015-11-19,3317.0,2.7811275248718723,1.0,True
DRREDDY,2024-12-16,1269.0,4.460204885736793,2.0,True
DRREDDY,2025-01-24,1224.4,1.306762495916367,,False
DRREDDY,2025-02-21,1151.8,-1.0158013544018099,,False
DRREDDY,2025-03-17,1157.8,2.539298669891181,2.0,True
DRREDDY,2025-03-24,1210.3,-3.7759233247955093,,False
DRREDDY,2025-04-09,1139.9,2.079129748223512,3.0,True
EICHERMOT,2020-11-13,2540.0,2.919291338582681,2.0,True
EICHERMOT,2020-12-30,2530.0,4.968379446640309,2.0,True
EICHERMOT,2021-02-01,2920.0,1.726027397260277,,False
EICHERMOT,2021-08-05,2734.7,-0.012798478809372476,,False
EICHERMOT,2021-08-20,2620.0,2.2614503816793894,6.0,True
EICHERMOT,2022-03-08,2275.0,3.643956043956048,5.0,True
EICHERMOT,2022-07-08,2929.0,3.584841242744964,4.0,True
EICHERMOT,2022-08-25,3440.0,2.876453488372088,10.0,True
EICHERMOT,2022-09-02,3444.95,2.7286317653376684,5.0,True
EICHERMOT,2023-04-19,3308.7,1.4340979841025259,,False
EICHERMOT,2023-05-15,3669.0,1.1569910057236255,,False
EICHERMOT,2023-08-02,3332.3,2.4097470215766803,4.0,True
EICHERMOT,2023-08-04,3359.95,1.6294885340555665,,False
EICHERMOT,2023-08-08,3375.0,1.1762962962962908,,False
EICHERMOT,2023-10-03,3350.0,2.794029850746266,1.0,True
EICHERMOT,2024-03-15,3745.0,3.433911882510011,2.0,True
EICHERMOT,2024-04-09,4250.0,2.4870588235294075,3.0,True
EICHERMOT,2024-04-25,4591.0,1.4561097800043643,,False
EICHERMOT,2024-05-13,4667.4,3.9733041950550785,7.0,True
EICHERMOT,2024-07-19,4767.0,3.200125865324107,1.0,True
EICHERMOT,2024-08-05,4687.0,3.0637934713036135,3.0,True
EICHERMOT,2024-10-09,4737.8,1.533412132213256,,False
EICHERMOT,2024-10-11,4749.0,1.293956622446827,,False
EICHERMOT,2024-10-22,4722.55,3.7183301394373687,4.0,True
EICHERMOT,2025-03-07,5123.0,2.075932071052125,7.0,True
ESCORTS,2015-08-18,167.45,2.388772767990445,6.0,True
ESCORTS,2016-08-24,319.0,2.2570532915360464,3.0,True
ESCORTS,2018-02-01,869.0,2.606444188722667,2.0,True
ESCORTS,2019-09-23,630.0,-1.7063492063492063,,False
ESCORTS,2019-10-04,600.0,2.1083333333333294,4.0,True
ESCORTS,2019-12-13,617.05,2.309375253220971,9.0,True
ESCORTS,2020-01-31,798.95,6.0329182051442425,1.0,True
ESCORTS,2020-02-06,855.0,2.783625730994147,3.0,True
EXIDEIND,2016-02-11,126.9,1.7336485421591714,,False
EXIDEIND,2017-02-01,201.1,3.953257086026861,1.0,True
EXIDEIND,2019-10-31,192.4,-0.8835758835758925,,False
EXIDEIND,2020-03-18,130.5,13.026819923371647,1.0,True
EXIDEIND,2020-12-08,192.8,0.4668049792531002,,False
EXIDEIND,2021-09-21,179.1,1.5075376884422207,,False
EXIDEIND,2021-09-29,180.4,2.1064301552106337,5.0,True
EXIDEIND,2022-01-31,173.55,0.8643042350907519,,False
EXIDEIND,2023-07-06,249.65,1.9226917684758593,,False
EXIDEIND,2024-06-07,530.0,2.0188679245283105,2.0,True
EXIDEIND,2024-10-09,527.0,0.6641366223908919,,False
FEDERALBNK,2016-09-14,72.75,3.8487972508591026,9.0,True
FEDERALBNK,2016-09-28,76.6,-1.5665796344647371,,False
FEDERALBNK,2018-07-23,87.6,3.6529680365296837,3.0,True
FEDERALBNK,2018-08-29,81.2,-0.1231527093596164,,False
FEDERALBNK,2019-05-17,101.5,4.137931034482762,4.0,True
FEDERALBNK,2020-03-18,50.0,5.799999999999998,1.0,True
FEDERALBNK,2020-03-26,44.0,-2.954545454545448,,False
FEDERALBNK,2020-06-19,51.95,8.662175168431183,1.0,True
FEDERALBNK,2020-08-07,54.95,3.184713375796178,10.0,True
FEDERALBNK,2020-08-28,61.6,-9.253246753246756,,False
FEDERALBNK,2020-09-28,50.5,2.4752475247524752,4.0,True
FEDERALBNK,2020-11-04,53.1,3.107344632768359,1.0,True
FEDERALBNK,2020-12-22,62.15,4.907481898632349,1.0,True
FEDERALBNK,2021-01-28,72.6,6.3360881542699845,1.0,True
FEDERALBNK,2021-07-23,85.65,2.101576182136599,4.0,True
FEDERALBNK,2021-08-06,87.0,-0.6896551724137866,,False
FEDERALBNK,2021-10-21,97.2,5.452674897119339,1.0,True
FEDERALBNK,2023-05-15,128.2,-0.4290171606864142,,False
FEDERALBNK,2023-09-01,143.85,2.537365311087943,4.0,True
FEDERALBNK,2023-10-04,148.25,0.7757166947723478,,False
FEDERALBNK,2024-01-18,148.9,-1.0745466756212185,,False
FEDERALBNK,2024-01-25,143.2,2.863128491620128,2.0,True
FEDERALBNK,2024-02-01,147.05,6.494389663379791,9.0,True
FEDERALBNK,2024-02-07,150.0,4.399999999999996,5.0,True
FEDERALBNK,2024-02-16,165.95,-6.95992768906296,,False
FEDERALBNK,2024-06-07,165.9,4.798071127185056,2.0,True
FEDERALBNK,2025-04-03,195.7,3.2396525293817087,8.0,True
GAIL,2020-12-11,127.0,-1.3779527559055118,,False
GAIL,2021-04-13,136.5,2.271062271062267,1.0,True
GAIL,2021-08-12,151.0,-1.6556291390728477,,False
GAIL,2022-06-07,152.15,-0.3943476832073574,,False
GAIL,2022-08-23,131.35,2.4362390559573788,2.0,True
GAIL,2022-12-15,97.2,0.7201646090535009,,False
GAIL,2023-01-31,95.5,0.5235602094240838,,False
GAIL,2023-02-06,95.0,1.0526315789473684,,False
GAIL,2023-08-08,116.95,0.8978195810175265,,False
GAIL,2023-11-02,122.7,2.36348818255908,5.0,True
GAIL,2023-12-14,147.0,3.061224489795918,5.0,True
GAIL,2023-12-22,152.45,3.050180387012139,2.0,True
GAIL,2023-12-28,159.75,4.037558685446002,1.0,True
GAIL,2024-01-18,165.05,4.059375946682816,5.0,True
GAIL,2024-01-29,175.0,3.7714285714285682,4.0,True
GAIL,2024-03-05,194.05,-2.8343210512754444,,False
GAIL,2024-04-08,203.0,2.1674876847290667,9.0,True
GAIL,2024-06-07,214.4,2.5326492537313463,3.0,True
GAIL,2024-07-08,232.87,1.8422295701464302,,False
GAIL,2024-11-21,189.59,5.06355820454665,1.0,True
GAIL,2025-01-02,191.69,-0.5790599405289714,,False
GLENMARK,2015-08-20,1213.5,-1.347342398022242,,False
GLENMARK,2015-08-31,1118.0,-3.439177101967804,,False
GLENMARK,2017-05-30,635.0,3.6062992125984215,1.0,True
GLENMARK,2020-03-19,207.25,2.7985524728588715,9.0,True
GLENMARK,2020-06-12,404.0,28.650990099009903,5.0,True
GLENMARK,2020-06-16,395.0,2.696202531645564,1.0,True
GLENMARK,2020-07-30,444.1,3.8504841251970197,4.0,True
GLENMARK,2020-08-06,463.45,2.9345128924371613,2.0,True
GLENMARK,2020-08-31,469.0,2.8038379530916795,1.0,True
GLENMARK,2020-12-10,530.0,-0.7075471698113207,,False
GLENMARK,2023-05-12,616.0,1.34740259740259,,False
GLENMARK,2023-12-08,800.0,3.6312499999999943,3.0,True
GMRINFRA,2017-05-02,17.15,2.332361516034998,8.0,True
GMRINFRA,2017-06-07,16.7,6.287425149700604,2.0,True
GMRINFRA,2017-07-26,19.4,-2.577319587628866,,False
GMRINFRA,2018-01-16,22.85,4.3763676148796495,4.0,True
GMRINFRA,2018-02-01,22.4,-10.044642857142858,,False
GMRINFRA,2018-02-05,18.2,4.945054945054957,1.0,True
GMRINFRA,2020-03-12,14.7,12.244897959183678,1.0,True
GMRINFRA,2020-03-17,16.7,2.6946107784431095,2.0,True
GMRINFRA,2020-03-19,16.35,2.4464831804281255,10.0,True
GMRINFRA,2020-09-09,23.25,2.7956989247311768,3.0,True
GMRINFRA,2024-05-08,80.7,2.044609665427499,2.0,True
GMRINFRA,2024-09-05,95.77,1.420068915109115,,False
GMRINFRA,2024-10-09,89.0,0.6067415730337149,,False
GMRINFRA,2025-04-11,87.0,2.2988505747126435,6.0,True
GNFC,2016-07-15,168.35,1.6929016929016896,,False
GNFC,2016-11-10,208.25,2.9291716686674643,9.0,True
GNFC,2017-10-18,448.0,14.709821428571425,1.0,True
GNFC,2020-06-18,158.0,2.2784810126582244,2.0,True
GNFC,2021-04-30,361.0,3.642659279778387,3.0,True
GNFC,2022-03-17,765.0,4.503267973856215,1.0,True
GNFC,2023-11-15,709.95,-0.30283822804424126,,False
GODREJCP,2017-08-11,906.5,3.6789851075565387,8.0,True
GODREJCP,2019-05-13,640.55,4.566388260088987,3.0,True
GODREJCP,2019-09-26,681.0,1.66666666666667,,False
GODREJCP,2020-03-16,506.0,3.0830039525691744,1.0,True
GODREJCP,2020-03-26,505.0,3.138613861386143,2.0,True
GODREJCP,2020-12-21,705.2,2.240499149177532,2.0,True
GODREJCP,2022-03-16,754.0,-0.13262599469496023,,False
GODREJCP,2022-04-08,812.9,-0.836511255997042,,False
GODREJCP,2022-08-24,907.5,4.231404958677683,8.0,True
GODREJCP,2024-01-01,1149.0,4.6127067014795475,2.0,True
GODREJCP,2024-01-05,1184.2,-1.815571693970613,,False
GODREJCP,2024-01-25,1165.8,7.612798078572654,3.0,True
GODREJCP,2024-08-22,1444.0,2.3199445983379503,3.0,True
GODREJCP,2025-01-03,1122.2,2.815897344501863,1.0,True
GODREJCP,2025-03-27,1054.05,8.495801906930408,1.0,True
GODREJCP,2025-04-07,1178.5,5.417904115400925,1.0,True
GODREJCP,2025-04-09,1285.3,-1.307087839414919,,False
GODREJCP,2025-04-24,1265.0,1.9367588932806323,,False
GODREJPROP,2016-11-10,334.1,-7.976653696498065,,False
GODREJPROP,2017-05-04,533.0,-0.07504690431519273,,False
GODREJPROP,2020-11-02,1126.95,-8.301166866320596,,False
GODREJPROP,2021-07-16,1565.0,2.3865814696485566,8.0,True
GODREJPROP,2021-09-29,2325.0,6.529032258064524,5.0,True
GODREJPROP,2021-10-07,2499.0,0.15206082432973916,,False
GODREJPROP,2021-11-02,2335.0,4.064239828693794,1.0,True
GODREJPROP,2021-12-14,2071.0,-3.4958957025591544,,False
GODREJPROP,2022-01-25,1624.1,5.606181885351899,2.0,True
GODREJPROP,2022-01-31,1749.85,1.8487298911335337,,False
GODREJPROP,2023-03-03,1175.0,0.621276595744677,,False
GODREJPROP,2023-06-28,1590.0,4.786163522012573,10.0,True
GODREJPROP,2023-07-24,1648.95,3.52345431941538,2.0,True
GODREJPROP,2024-01-25,2335.1,1.800779409875388,,False
GODREJPROP,2024-05-15,2834.45,0.7620526027977338,,False
GODREJPROP,2025-02-05,2315.0,-5.1015118790496725,,False
GODREJPROP,2025-02-21,1980.0,4.813131313131322,6.0,True
GODREJPROP,2025-04-30,2148.9,3.2714412024756725,1.0,True
GODREJPROP,2025-05-12,2145.0,4.01398601398601,4.0,True
GRANULES,2015-07-07,85.35,5.330990041007629,4.0,True
GRANULES,2018-09-24,103.35,-0.387034349298492,,False
GRANULES,2020-07-22,270.35,12.224893656371352,1.0,True
GRANULES,2020-08-03,301.0,5.265780730897018,1.0,True
GRANULES,2020-09-10,365.0,2.999999999999997,10.0,True
GRANULES,2020-12-11,388.1,-0.7085802628188611,,False
GRANULES,2021-05-17,325.35,0.9681881051175586,,False
GRANULES,2021-07-16,377.9,1.6009526329716888,,False
GRASIM,2017-02-20,1065.5,-1.689347724073205,,False
GRASIM,2017-03-20,1070.0,2.0467289719626254,2.0,True
GRASIM,2017-05-31,1140.0,1.8289473684210447,,False
GRASIM,2017-06-29,1230.0,4.341463414634154,1.0,True
GRASIM,2017-09-01,1169.0,3.6911890504704954,3.0,True
GRASIM,2019-04-26,918.0,-2.037037037037042,,False
GRASIM,2019-08-05,742.4,1.3267780172413823,,False
GRASIM,2019-08-09,748.0,0.5681818181818182,,False
GRASIM,2019-10-24,699.95,2.1144367454818136,2.0,True
GRASIM,2020-03-26,472.05,9.85065141404511,5.0,True
GRASIM,2020-04-13,558.9,-2.3886205045625375,,False
GRASIM,2020-09-11,721.0,3.3287101248266295,4.0,True
GRASIM,2022-03-28,1619.0,3.008029647930824,1.0,True
GUJGASLTD,2019-03-14,156.95,-3.1538706594456762,,False
GUJGASLTD,2020-03-17,252.1,-4.085680285600945,,False
GUJGASLTD,2020-03-23,213.6,8.98876404494383,2.0,True
GUJGASLTD,2020-07-10,309.65,-1.324075569191011,,False
GUJGASLTD,2020-12-02,346.0,3.87283236994219,7.0,True
GUJGASLTD,2020-12-14,361.75,3.8562543192812684,7.0,True
GUJGASLTD,2021-06-28,675.8,0.8656407221071357,,False
GUJGASLTD,2021-09-30,640.5,3.067915690866507,10.0,True
GUJGASLTD,2021-10-18,670.0,-4.544776119402992,,False
GUJGASLTD,2021-11-10,658.1,2.666767968393854,2.0,True
GUJGASLTD,2021-11-23,649.2,2.1179913739987675,1.0,True
GUJGASLTD,2023-05-11,490.0,1.683673469387755,,False
GUJGASLTD,2023-08-04,453.9,3.56906807666888,1.0,True
GUJGASLTD,2023-10-12,425.7,0.340615456894524,,False
GUJGASLTD,2023-10-26,406.6,3.1603541564190767,5.0,True
GUJGASLTD,2024-01-12,540.0,2.972222222222214,1.0,True
GUJGASLTD,2024-04-15,584.0,-5.248287671232873,,False
GUJGASLTD,2025-02-27,384.0,2.5000000000000058,4.0,True
HAL,2023-04-06,2773.0,2.1078254597908335,4.0,True
HAL,2024-06-06,4666.65,3.1296540344786985,1.0,True
HAL,2024-06-13,5140.0,7.654669260700386,1.0,True
HAL,2024-07-23,4855.0,3.604531410916581,3.0,True
HAL,2024-09-20,4370.0,2.3832951945080008,4.0,True
HAL,2024-09-27,4460.0,2.5874439461883325,10.0,True
HAL,2025-01-02,4240.0,-1.8066037735849143,,False
HAL,2025-05-14,4825.0,6.273575129533675,1.0,True
HAVELLS,2015-02-05,249.4,4.450681635926221,3.0,True
HAVELLS,2015-02-13,271.25,2.6912442396313407,10.0,True
HAVELLS,2016-03-11,295.0,3.0169491525423653,6.0,True
HAVELLS,2016-11-24,331.25,3.7433962264150873,2.0,True
HAVELLS,2017-01-25,424.0,2.5943396226415096,6.0,True
HAVELLS,2020-02-04,613.4,2.9752200847733943,1.0,True
HAVELLS,2020-04-13,537.05,2.1320175030257977,1.0,True
HAVELLS,2020-04-22,520.0,2.951923076923081,2.0,True
HAVELLS,2021-08-03,1241.9,0.020130445285449713,,False
HCLTECH,2015-10-19,859.0,2.1594877764842786,5.0,True
HCLTECH,2016-06-10,745.0,3.442953020134225,5.0,True
HCLTECH,2018-07-20,1003.0,-1.1365902293120616,,False
HCLTECH,2020-03-05,570.0,-5.184210526315781,,False
HCLTECH,2020-03-13,469.0,-2.4307036247334706,,False
HCLTECH,2020-03-17,455.0,0.5714285714285764,,False
HCLTECH,2020-03-19,413.5,6.9044740024183815,2.0,True
HCLTECH,2020-07-03,579.15,2.2274022274022234,1.0,True
HCLTECH,2020-07-24,684.0,4.159356725146205,1.0,True
HCLTECH,2020-09-17,808.3,2.4000989731535434,5.0,True
HCLTECH,2020-11-26,842.0,2.3990498812351597,3.0,True
HCLTECH,2020-12-03,866.0,2.3094688221709005,7.0,True
HCLTECH,2020-12-23,927.95,2.4300878280079696,5.0,True
HCLTECH,2020-12-29,938.0,4.520255863539444,3.0,True
HCLTECH,2021-03-02,965.0,2.435233160621762,5.0,True
HCLTECH,2021-03-16,1012.0,-0.9288537549407092,,False
HCLTECH,2021-03-18,950.0,3.026315789473684,1.0,True
HCLTECH,2021-03-24,970.0,2.659793814432985,2.0,True
HCLTECH,2021-04-16,996.0,-3.423694779116468,,False
HCLTECH,2021-05-17,928.0,2.4461206896551775,10.0,True
HCLTECH,2021-07-23,994.0,3.1136820925553366,4.0,True
HCLTECH,2021-07-30,1034.0,2.625725338491305,3.0,True
HCLTECH,2021-09-20,1289.0,2.0558572536850273,1.0,True
HCLTECH,2021-10-11,1306.95,-3.1829832816863792,,False
HCLTECH,2021-11-23,1120.0,3.2767857142857184,5.0,True
HCLTECH,2022-07-22,920.25,2.8090192882368945,3.0,True
HCLTECH,2022-09-28,927.0,2.0496224379719523,3.0,True
HCLTECH,2023-04-26,1065.55,2.116277978508747,9.0,True
HCLTECH,2024-02-06,1628.0,2.392506142506145,3.0,True
HCLTECH,2025-01-13,1936.1,-5.598884355146938,,False
HCLTECH,2025-04-08,1380.65,3.320899576286525,2.0,True
HDFCBANK,2017-02-23,1390.9,1.4235387159393165,,False
HDFCBANK,2023-08-04,1663.1,-0.757621309602544,,False
HDFCBANK,2023-09-15,1653.75,-5.445200302343157,,False
HDFCBANK,2023-10-13,1531.5,0.633365981064319,,False
HDFCBANK,2024-01-24,1452.5,0.9535283993115256,,False
HDFCBANK,2024-03-05,1433.55,1.8729726901747505,,False
HDFCBANK,2024-06-19,1669.8,2.488321954725114,3.0,True
HDFCBANK,2024-06-25,1707.95,3.553968207500222,5.0,True
HDFCBANK,2024-07-23,1608.15,3.171345956533905,7.0,True
HDFCBANK,2024-08-07,1624.0,2.2229064039408812,2.0,True
HDFCBANK,2024-10-11,1656.05,2.6418284472087197,2.0,True
HDFCBANK,2024-11-06,1744.3,2.367711976150889,10.0,True
HDFCLIFE,2019-08-27,556.9,0.0448913629017777,,False
HDFCLIFE,2024-05-17,570.05,1.4735549513200756,,False
HEROMOTOCO,2015-02-27,2675.0,-1.2205607476635547,,False
HEROMOTOCO,2015-04-24,2360.0,4.50847457627119,10.0,True
HEROMOTOCO,2019-02-26,2695.0,3.734693877551024,3.0,True
HEROMOTOCO,2019-09-06,2637.95,4.632384995924877,1.0,True
HEROMOTOCO,2020-11-12,3089.0,0.8643573972159216,,False
HEROMOTOCO,2025-01-02,4265.45,-1.4687782062853776,,False
HINDALCO,2016-06-13,114.95,3.5667681600695906,2.0,True
HINDALCO,2016-06-24,115.95,3.4497628288055195,2.0,True
HINDALCO,2017-01-25,190.5,4.38320209973753,3.0,True
HINDALCO,2017-04-28,200.85,-1.1949215832711007,,False
HINDALCO,2018-04-18,250.0,4.840000000000009,1.0,True
HINDALCO,2018-08-03,212.6,3.0103480714957693,1.0,True
HINDALCO,2018-08-07,223.0,1.9955156950672595,,False
HINDALCO,2020-11-27,230.8,4.852686308492196,2.0,True
HINDALCO,2020-12-04,252.3,-0.33690051525962056,,False
HINDALCO,2021-02-25,343.0,4.766763848396508,3.0,True
HINDALCO,2021-05-19,390.0,2.2564102564102595,9.0,True
HINDALCO,2021-09-21,452.9,6.701258555972626,1.0,True
HINDALCO,2021-09-30,483.1,4.678120471951969,1.0,True
HINDALCO,2022-03-02,613.9,0.9529239289786647,,False
HINDALCO,2022-03-04,586.75,1.2015338730293914,,False
HINDALCO,2022-05-09,435.0,0.25287356321839605,,False
HINDALCO,2022-07-01,338.0,2.1449704142011834,1.0,True
HINDALCO,2022-11-15,455.55,-1.0646471298430518,,False
HINDCOPPER,2021-02-25,144.0,9.23611111111112,1.0,True
HINDCOPPER,2021-03-01,165.15,-13.533151680290642,,False
HINDCOPPER,2021-10-26,137.5,-3.200000000000004,,False
HINDCOPPER,2023-08-16,143.15,3.597624869018516,4.0,True
HINDCOPPER,2023-12-18,199.0,9.497487437185931,2.0,True
HINDCOPPER,2024-02-02,302.25,-1.3895781637717084,,False
HINDCOPPER,2024-09-26,347.4,0.48934945308003613,,False
HINDPETRO,2017-10-11,457.95,2.8059831859373343,3.0,True
HINDPETRO,2018-01-30,394.5,1.3434727503168598,,False
HINDPETRO,2018-05-08,300.2,2.5649566955363055,1.0,True
HINDPETRO,2018-10-24,229.5,4.662309368191716,6.0,True
HINDPETRO,2018-11-19,246.0,0.14227642276422534,,False
HINDPETRO,2020-03-20,195.7,2.2483392948390426,9.0,True
HINDPETRO,2020-06-22,239.0,-3.2426778242677825,,False
HINDPETRO,2020-07-23,231.5,0.6263498920086344,,False
HINDPETRO,2020-12-23,211.45,2.3646252069047056,3.0,True
HINDPETRO,2021-01-28,223.0,2.9596412556053786,4.0,True
HINDPETRO,2021-06-04,301.0,2.6578073089700998,8.0,True
HINDPETRO,2022-04-05,281.0,5.480427046263337,2.0,True
HINDPETRO,2022-04-07,289.65,4.125668910754375,1.0,True
HINDPETRO,2022-08-17,265.9,-0.8273787138021771,,False
HINDPETRO,2023-11-15,315.0,3.714285714285711,5.0,True
HINDPETRO,2024-08-21,413.0,3.5956416464891094,7.0,True
HINDPETRO,2024-08-29,421.4,5.624110109159954,3.0,True
HINDPETRO,2024-10-15,427.0,1.4871194379391155,,False
HINDPETRO,2024-10-24,406.0,-2.3399014778325125,,False
HINDPETRO,2024-11-06,390.85,-1.9956505053089448,,False
HINDPETRO,2025-02-04,342.1,0.29231218941829873,,False
HINDPETRO,2025-04-04,350.0,5.471428571428565,1.0,True
IBULHSGFIN,2020-03-20,81.75,10.33639143730887,1.0,True
IBULHSGFIN,2020-12-31,221.0,5.927601809954749,4.0,True
IBULHSGFIN,2021-05-27,219.95,3.182541486701523,3.0,True
IBULHSGFIN,2021-10-29,218.2,3.093492208982585,1.0,True
IBULHSGFIN,2021-12-01,252.1,2.657675525585092,6.0,True
IBULHSGFIN,2022-12-27,148.5,4.983164983164987,1.0,True
IBULHSGFIN,2022-12-29,158.0,-2.0569620253164556,,False
IBULHSGFIN,2023-08-25,174.0,8.448275862068959,1.0,True
IBULHSGFIN,2023-09-18,198.7,-4.806240563663806,,False
IBULHSGFIN,2023-11-29,192.5,5.662337662337665,1.0,True
IBULHSGFIN,2023-12-14,215.5,7.679814385150817,1.0,True
IBULHSGFIN,2024-01-31,196.0,-1.5051020408163207,,False
IBULHSGFIN,2024-02-23,207.5,-6.626506024096385,,False
IBULHSGFIN,2025-01-03,163.79,-2.56425911227791,,False
ICICIBANK,2017-05-17,304.7,4.26649163111257,5.0,True
ICICIBANK,2018-01-25,360.0,-1.875,,False
ICICIBANK,2018-06-27,278.0,-0.21582733812950458,,False
ICICIBANK,2020-03-09,450.0,-0.6222222222222248,,False
ICICIBANK,2020-03-20,311.15,6.138518399485786,3.0,True
ICICIBANK,2020-04-07,322.85,6.148366114294553,1.0,True
ICICIBANK,2020-07-28,353.2,2.930351075877696,8.0,True
ICICIBANK,2020-08-06,359.45,2.1978021978022073,2.0,True
ICICIBANK,2020-12-11,518.1,2.065238370970842,10.0,True
ICICIBANK,2021-12-07,747.9,1.4373579355528814,,False
ICICIPRULI,2018-05-02,430.1,4.40595210416182,2,True
ICICIPRULI,2024-01-25,486.3,3.4855027760641555,2,True
IDFC,2016-10-05,70.6,-1.0623229461756374,,False
IDFC,2017-07-19,59.45,0.16820857863750094,,False
IDFC,2017-10-26,65.7,-1.5981735159817307,,False
IDFC,2018-02-06,52.8,1.893939393939394,,False
IDFC,2020-06-10,18.1,6.629834254143642,2.0,True
IDFC,2020-06-12,18.8,2.393617021276592,3.0,True
IDFC,2020-07-07,20.7,-1.9323671497584474,,False
IDFC,2021-05-25,59.4,-2.1043771043771042,,False
IDFCFIRSTB,2021-04-16,50.0,2.4000000000000057,2.0,True
IDFCFIRSTB,2022-10-10,54.0,2.03703703703704,1.0,True
IDFCFIRSTB,2022-12-28,55.6,5.755395683453229,1.0,True
IDFCFIRSTB,2023-06-19,81.75,0.5504587155963337,,False
IDFCFIRSTB,2023-06-21,81.9,0.06105006105005758,,False
IDFCFIRSTB,2024-01-29,84.05,0.35693039857227504,,False
IDFCFIRSTB,2024-05-13,77.6,1.3530927835051694,,False
IDFCFIRSTB,2024-05-27,79.0,-1.139240506329121,,False
IDFCFIRSTB,2024-06-19,82.92,0.6632899179932431,,False
IDFCFIRSTB,2025-04-17,63.85,5.246671887235711,1.0,True
IDFCFIRSTB,2025-04-23,68.4,-2.0175438596491366,,False
IEX,2022-02-09,223.45,-1.0964421570821163,,False
IEX,2023-06-09,126.0,2.1825396825396823,5.0,True
IEX,2024-01-29,141.7,4.16372618207481,1.0,True
IEX,2024-02-07,145.1,0.9303928325292863,,False
IEX,2024-04-26,160.0,-1.531249999999993,,False
IEX,2024-06-06,163.8,2.979242979242976,2.0,True
IEX,2024-07-01,191.0,-2.9895287958115224,,False
IEX,2024-07-25,177.8,5.196850393700776,1.0,True
IEX,2024-09-18,228.25,4.871851040525741,2.0,True
IEX,2024-09-24,209.0,-0.004784688995210959,,False
IGL,2018-02-12,306.9,-0.5539263603779696,,False
IGL,2018-05-16,268.0,0.3171641791044861,,False
IGL,2019-02-15,281.0,2.2597864768683356,5.0,True
IGL,2020-03-20,310.0,3.2741935483870894,1.0,True
IGL,2020-07-20,419.5,-1.2753277711561437,,False
IGL,2022-02-02,409.5,-3.1379731379731437,,False
IGL,2022-02-28,340.0,8.867647058823522,4.0,True
IGL,2022-03-07,344.75,10.253807106598991,1.0,True
IGL,2024-03-15,411.0,3.515815085158148,6.0,True
IGL,2024-12-31,415.9,2.356335657610005,1.0,True
IGL,2025-01-07,429.0,-2.2144522144522143,,False
IGL,2025-04-28,187.0,2.9893048128342263,1.0,True
INDHOTEL,2019-09-30,160.0,-2.375000000000007,,False
INDHOTEL,2020-08-24,105.65,2.839564600094652,3.0,True
INDHOTEL,2022-05-02,263.9,-5.17241379310344,,False
INDHOTEL,2022-05-31,236.0,-0.6144067796610121,,False
INDHOTEL,2023-06-13,393.45,2.4907866310840037,2.0,True
INDHOTEL,2024-07-25,631.3,2.9225407888484156,1.0,True
INDIACEM,2016-06-20,105.45,5.500237079184445,6.0,True
INDIACEM,2016-11-22,116.8,2.4400684931506924,5.0,True
INDIACEM,2016-11-24,114.55,2.880838061981665,1.0,True
INDIACEM,2020-03-13,83.0,18.795180722891562,1.0,True
INDIACEM,2023-09-15,247.0,-3.2793522267206456,,False
INDIACEM,2023-12-07,263.85,2.141368201629705,1.0,True
INDIACEM,2023-12-19,271.0,0.7749077490774992,,False
INDIACEM,2024-07-16,325.55,6.604208262939641,1.0,True
INDIAMART,2020-09-04,4249.0,11.909861143798544,1,True
INDIAMART,2024-11-26,2340.4,2.4910271748418955,10,True
INDIGO,2018-09-21,875.0,-2.491428571428566,,False
INDUSINDBK,2020-03-20,396.35,9.978554308061046,3.0,True
INDUSINDBK,2020-03-30,398.0,3.1155778894472306,6.0,True
INDUSINDBK,2020-08-07,512.0,3.3496093749999956,10.0,True
INDUSINDBK,2020-09-28,559.0,5.9391771019678075,2.0,True
INDUSINDBK,2020-11-06,746.05,11.94960123316133,1.0,True
INDUSINDBK,2021-02-01,982.4,6.733509771986969,1.0,True
INDUSINDBK,2024-04-08,1574.9,-1.2222998285605435,,False
INDUSINDBK,2024-11-05,1092.3,-2.8838231255149687,,False
INDUSINDBK,2025-04-21,790.0,3.7658227848101267,2.0,True
INDUSINDBK,2025-05-16,779.9,2.5900756507244576,5.0,True
INDUSTOWER,2024-02-07,226.8,-0.2865961199294558,,False
INFY,2018-12-12,682.0,3.526392961876826,1.0,True
INFY,2019-04-22,723.9,3.7919602154993846,4.0,True
INFY,2019-04-30,747.0,-1.860776439089689,,False
INFY,2019-07-19,785.95,1.0878554615433493,,False
INFY,2020-01-16,770.7,2.465291293629168,8.0,True
INFY,2020-03-23,522.0,16.130268199233722,1.0,True
INFY,2020-06-24,704.85,6.150244732921901,1.0,True
INFY,2022-02-02,1779.0,-0.5283867341202975,,False
INFY,2024-04-25,1439.7,0.08682364381468362,,False
INFY,2024-07-19,1800.15,2.041496541954837,1.0,True
INFY,2024-07-25,1825.35,2.5063686416303725,1.0,True
IOC,2019-07-23,146.8,-0.10217983651226545,,False
IOC,2019-09-13,126.0,5.1984126984127075,4.0,True
IOC,2020-07-02,88.4,-0.5090497737556593,,False
IOC,2020-12-10,93.55,2.8327097808658532,1.0,True
IOC,2020-12-23,88.25,3.909348441926349,1.0,True
IOC,2021-03-19,99.65,-2.910185649774215,,False
IOC,2022-04-07,124.9,3.162530024019206,1.0,True
IOC,2022-04-13,127.7,2.0360219263899832,1.0,True
IOC,2022-09-29,65.95,2.0470053070507874,2.0,True
IOC,2024-01-25,143.7,2.783576896311761,1.0,True
IOC,2024-02-15,190.0,-0.6578947368421053,,False
IOC,2024-03-15,162.55,3.014457090126101,5.0,True
IOC,2024-06-06,163.7,2.4312767257177876,2.0,True
IOC,2024-07-25,178.34,2.584950095323531,2.0,True
IOC,2024-07-29,180.0,0.9277777777777708,,False
IPCALAB,2020-03-31,1380.0,10.590579710144935,2,True
IPCALAB,2020-11-10,2120.0,3.662735849056608,8,True
IPCALAB,2023-06-26,736.05,3.260648053800693,6,True
IPCALAB,2024-07-03,1162.0,2.6462994836488813,1,True
IPCALAB,2024-12-30,1661.0,4.999999999999998,2,True
IRCTC,2022-01-17,899.9,-2.1669074341593513,,False
IRCTC,2022-02-28,795.0,0.5849056603773556,,False
IRCTC,2022-12-22,634.5,1.5051221434200086,,False
IRCTC,2024-06-11,1027.0,0.5258033106134461,,False
ITC,2020-08-11,202.5,-0.5185185185185242,,False
ITC,2020-10-01,171.1,0.6428988895382785,,False
ITC,2020-11-04,171.25,4.145985401459851,3.0,True
ITC,2021-01-13,212.0,2.7594339622641484,1.0,True
ITC,2021-02-03,216.1,8.445164275798241,1.0,True
ITC,2021-03-31,220.0,-2.818181818181813,,False
JINDALSTEL,2015-06-03,107.3,-0.18639328984156836,,False
JINDALSTEL,2015-06-05,108.0,-4.07407407407408,,False
JINDALSTEL,2015-10-06,72.7,2.613480055020621,4.0,True
JINDALSTEL,2016-01-12,82.2,-12.165450121654501,,False
JINDALSTEL,2016-01-20,62.1,6.360708534621571,1.0,True
JINDALSTEL,2016-04-27,75.95,-6.912442396313364,,False
JINDALSTEL,2016-11-15,71.8,-1.253481894150406,,False
JINDALSTEL,2017-04-07,128.9,-1.0861132660977546,,False
JINDALSTEL,2017-08-07,145.4,-3.8170563961485633,,False
JINDALSTEL,2017-08-16,138.95,2.6988125224901047,10.0,True
JINDALSTEL,2018-01-10,262.0,2.0229007633587828,2.0,True
JINDALSTEL,2019-09-20,114.6,-5.061082024432808,,False
JINDALSTEL,2019-09-30,104.0,0.5288461538461511,,False
JINDALSTEL,2019-12-17,146.6,4.263301500682128,1.0,True
JINDALSTEL,2019-12-19,153.0,3.137254901960792,1.0,True
JINDALSTEL,2020-03-20,94.1,-2.0191285866099804,,False
JINDALSTEL,2020-05-13,95.0,3.1578947368421053,5.0,True
JINDALSTEL,2020-07-09,162.05,4.967602591792645,1.0,True
JINDALSTEL,2020-09-22,172.45,6.610611771527982,3.0,True
JINDALSTEL,2021-02-01,280.2,2.9264810849393252,2.0,True
JINDALSTEL,2021-02-17,325.5,3.5023041474654306,3.0,True
JINDALSTEL,2021-06-21,386.3,2.407455345586335,3.0,True
JINDALSTEL,2022-05-24,397.0,-0.13853904282116156,,False
JKCEMENT,2015-11-03,651.05,1.451501420781821,,False
JKCEMENT,2020-01-24,1381.0,2.4619840695148443,10.0,True
JKCEMENT,2020-02-19,1460.0,2.335616438356158,1.0,True
JKCEMENT,2021-02-02,2283.6,4.4666316342616925,5.0,True
JKCEMENT,2021-02-04,2297.5,3.8346028291621286,3.0,True
JKCEMENT,2021-02-10,2386.0,13.459765297569156,1.0,True
JKCEMENT,2022-07-05,2183.6,4.609360688770842,1.0,True
JKCEMENT,2024-04-05,4385.15,-1.2416907061331954,,False
JKCEMENT,2025-04-24,5262.0,-1.9004180919802356,,False
JSWSTEEL,2017-05-25,192.65,3.3220866856994578,9.0,True
JSWSTEEL,2017-07-03,205.9,3.108305002428366,1.0,True
JSWSTEEL,2017-07-19,219.65,1.6844980651035686,,False
JSWSTEEL,2018-01-25,291.0,4.0034364261168305,3.0,True
JSWSTEEL,2018-02-08,295.75,5.07185122569738,1.0,True
JSWSTEEL,2018-08-29,398.0,2.160804020100508,6.0,True
JSWSTEEL,2019-08-29,215.0,2.0930232558139537,5.0,True
JSWSTEEL,2019-12-04,260.75,1.5723873441994334,,False
JSWSTEEL,2020-03-17,180.05,-2.38822549291864,,False
JSWSTEEL,2020-05-12,189.0,-2.222222222222216,,False
JSWSTEEL,2020-06-15,189.0,2.328042328042331,2.0,True
JSWSTEEL,2020-07-16,203.2,3.3218503937007875,2.0,True
JSWSTEEL,2020-08-13,259.0,4.092664092664101,1.0,True
JSWSTEEL,2020-08-19,273.0,3.2600732600732516,1.0,True
JSWSTEEL,2020-08-21,284.15,3.1145521731479935,7.0,True
JSWSTEEL,2021-04-01,513.5,4.664070107108091,1.0,True
JSWSTEEL,2021-09-21,671.8,1.3917832688300125,,False
JUBLFOOD,2022-06-24,540.0,2.7962962962963007,6.0,True
JUBLFOOD,2022-07-01,537.7,3.236005207364697,1.0,True
JUBLFOOD,2022-07-20,577.55,0.6060081378235651,,False
JUBLFOOD,2022-08-18,624.95,-1.0320825666053357,,False
JUBLFOOD,2022-08-23,581.1,3.803131991051458,3.0,True
JUBLFOOD,2022-09-16,625.95,1.4378145219266714,,False
JUBLFOOD,2023-02-16,464.0,-0.7543103448275862,,False
JUBLFOOD,2023-03-20,436.0,3.0733944954128387,1.0,True
JUBLFOOD,2023-05-04,473.7,1.5621701498839,,False
JUBLFOOD,2023-08-18,485.55,4.603027494593752,7.0,True
JUBLFOOD,2023-09-26,545.75,-0.45808520384791573,,False
JUBLFOOD,2024-01-24,525.5,-1.1322549952426346,,False
JUBLFOOD,2024-02-16,496.3,2.2969977835986253,1.0,True
JUBLFOOD,2024-02-20,507.8,-2.816069318629384,,False
JUBLFOOD,2024-03-21,451.55,3.1557967002546783,1.0,True
JUBLFOOD,2024-04-30,463.5,3.6245954692556657,3.0,True
JUBLFOOD,2024-06-21,549.95,2.418401672879344,4.0,True
JUBLFOOD,2024-08-12,651.0,1.5975422427035295,,False
JUBLFOOD,2025-03-18,627.9,4.809683070552643,3.0,True
KOTAKBANK,2020-03-20,1137.5,13.419780219780227,2.0,True
KOTAKBANK,2020-11-27,1930.0,1.0958549222797975,,False
KOTAKBANK,2021-09-17,1990.0,2.1783919597989905,5.0,True
KOTAKBANK,2024-05-17,1698.0,1.1808009422850385,,False
KOTAKBANK,2024-06-19,1765.0,3.713881019830026,5.0,True
KOTAKBANK,2024-06-21,1757.15,2.3333238482770393,2.0,True
KOTAKBANK,2024-07-03,1806.6,2.551754677294373,1.0,True
KOTAKBANK,2024-07-08,1861.2,-0.8972705781216443,,False
KOTAKBANK,2025-03-21,2100.0,3.3333333333333335,1.0,True
LALPATHLAB,2017-03-14,957.7,-0.6682677247572403,,False
LALPATHLAB,2017-03-31,968.0,0.8574380165289209,,False
LALPATHLAB,2023-06-27,2220.95,3.084265742137374,4.0,True
LALPATHLAB,2025-03-05,2450.95,6.242477406719844,2.0,True
LALPATHLAB,2025-04-09,2670.05,3.0991928990093816,1.0,True
LAURUSLABS,2020-11-14,291.5,8.696397941680969,8.0,True
LAURUSLABS,2020-12-04,334.3,2.3481902482799777,8.0,True
LAURUSLABS,2021-02-01,354.0,3.7711864406779725,7.0,True
LAURUSLABS,2021-03-19,360.6,3.6466999445368766,8.0,True
LAURUSLABS,2021-04-07,425.0,3.4823529411764733,3.0,True
LAURUSLABS,2021-04-27,471.4,4.157827747136195,4.0,True
LAURUSLABS,2021-10-01,622.05,4.5977011494252915,3.0,True
LAURUSLABS,2021-11-01,492.0,1.3211382113821137,,False
LAURUSLABS,2021-11-15,492.7,8.595494215546978,6.0,True
LAURUSLABS,2022-12-20,387.8,0.9154203197524526,,False
LAURUSLABS,2023-05-11,322.0,3.975155279503109,8.0,True
LICHSGFIN,2015-03-27,435.0,2.6321839080459744,2.0,True
LICHSGFIN,2015-09-08,424.9,3.4125676629795247,3.0,True
LICHSGFIN,2017-11-03,607.0,-0.2306425041186124,,False
LICHSGFIN,2020-06-05,268.5,4.711359404096826,4.0,True
LICHSGFIN,2020-09-01,302.0,2.516556291390736,10.0,True
LICHSGFIN,2023-09-07,453.8,1.9942706037902185,,False
LICHSGFIN,2024-06-10,683.05,4.736110094429401,1.0,True
LT,2018-10-04,1258.0,-0.5842607313195476,,False
LT,2019-02-12,1248.2,2.27127062970677,5.0,True
LT,2019-05-23,1493.0,6.8988613529805765,1.0,True
LT,2019-12-17,1324.75,1.551236082279672,,False
LT,2020-02-05,1322.9,-1.8066369340086241,,False
LT,2020-03-25,787.75,6.258330688670258,1.0,True
LT,2020-05-15,869.9,4.092424416599612,7.0,True
LT,2020-09-30,909.95,0.5769547777350403,,False
LT,2020-10-09,916.95,2.1102568297071715,8.0,True
LT,2020-11-13,1060.05,8.310928729776911,2.0,True
LT,2020-11-18,1125.05,2.173236745033558,10.0,True
LT,2020-12-18,1276.25,3.0048971596473972,9.0,True
LT,2021-02-02,1530.0,2.3823529411764737,4.0,True
LT,2024-02-16,3400.55,2.0467277352193,5.0,True
LTIM,2023-04-18,4318.6,2.3352475339230176,7.0,True
LTIM,2023-04-27,4335.0,4.91926182237601,1.0,True
LTIM,2024-05-08,4717.0,2.423150307398774,10.0,True
LTIM,2025-03-05,4804.05,-1.7089747192473093,,False
LTTS,2019-12-12,1502.0,0.988681757656452,,False
LTTS,2019-12-16,1516.85,-1.2328180110096463,,False
LTTS,2020-12-24,2358.3,2.1710554212780315,4.0,True
LTTS,2021-01-21,2540.0,3.1062992125984286,8.0,True
LTTS,2021-05-18,2645.0,2.236294896030249,5.0,True
LTTS,2021-10-27,4718.4,3.914462529671091,2.0,True
LTTS,2022-02-01,4720.0,-0.7055084745762751,,False
LTTS,2023-01-23,3349.0,2.733651836369071,6.0,True
LUPIN,2015-02-28,1749.0,3.0503144654087997,1.0,True
LUPIN,2015-05-04,1810.0,-2.190607734806635,,False
LUPIN,2016-06-09,1423.45,2.044328919175237,1.0,True
LUPIN,2017-08-11,943.5,5.193428722840488,7.0,True
LUPIN,2017-08-16,964.0,2.9564315352697097,5.0,True
LUPIN,2019-05-27,749.0,-0.4606141522029433,,False
LUPIN,2020-03-02,637.0,4.301412872841441,1.0,True
LUPIN,2020-03-05,665.0,-2.0827067669172967,,False
LUPIN,2020-04-09,804.0,2.7238805970149227,2.0,True
LUPIN,2022-02-15,775.45,-0.40621574569605917,,False
MANAPPURAM,2015-09-30,24.25,2.0618556701030926,5.0,True
MANAPPURAM,2016-08-09,89.7,-2.2853957636566298,,False
MANAPPURAM,2023-12-26,172.75,2.054992764109992,6.0,True
MANAPPURAM,2024-07-10,213.9,4.829359513791484,1.0,True
MANAPPURAM,2024-07-25,204.81,4.106244812265024,1.0,True
MANAPPURAM,2024-12-16,185.06,2.172268453474554,8.0,True
MANAPPURAM,2025-01-14,180.22,7.50749084452336,2.0,True
MANAPPURAM,2025-01-17,195.49,2.0052176581922283,7.0,True
MANAPPURAM,2025-01-21,193.0,3.32124352331606,5.0,True
MANAPPURAM,2025-01-23,196.39,4.65909669535109,8.0,True
MANAPPURAM,2025-03-17,213.0,2.112676056338028,2.0,True
MARICO,2015-01-21,351.6,2.0051194539249018,1.0,True
MARICO,2015-01-27,354.6,1.7484489565707806,,False
MARICO,2015-05-27,409.0,7.481662591687047,1.0,True
MARICO,2016-02-19,235.0,2.5744680851063877,3.0,True
MARICO,2016-02-25,242.9,3.272951832029637,10.0,True
MARICO,2019-05-13,351.0,2.692307692307689,3.0,True
MARICO,2019-08-13,394.0,0.5203045685279216,,False
MARICO,2019-11-07,370.0,0.3513513513513544,,False
MARICO,2019-12-02,353.0,-0.28328611898017,,False
MARICO,2020-02-07,313.6,-2.359693877551031,,False
MARICO,2020-03-12,245.85,2.704901362619486,1.0,True
MARICO,2020-03-20,238.0,4.74789915966387,1.0,True
MARICO,2020-04-09,296.6,2.2083614295347114,1.0,True
MARICO,2020-11-03,370.0,2.8378378378378377,2.0,True
MARICO,2021-06-02,493.95,2.4698856159530296,8.0,True
MARICO,2023-08-09,585.15,-1.4013500811757553,,False
MARICO,2024-05-17,597.0,1.867671691792291,,False
MARICO,2024-11-25,612.45,6.114784880398388,1.0,True
